index,question,sentence
3018,What theory accounted for the Mercury problem?,When Albert Einstein formulated his theory of general relativity (GR)
2355,How did the Kikuyu people live?,"The central highlands were already home to over a million members of the Kikuyu people, most of whom had no land claims in European terms and lived as itinerant farmers."
4857,Over how many studies have shown that violence is more common in societies with income differences?,There have been over fifty studies showing tendencies for violence to be more common in societies where income differences are larger.
2564,When did violence start in war?,"The war was fought primarily along the frontiers between New France and the British colonies, from Virginia in the South to Nova Scotia in the North."
3318,Which fullback fumbled the ball after a Darian Stewart tackle?,"On Carolina's next possession fullback Mike Tolbert lost a fumble while being tackled by safety Darian Stewart, which linebacker Danny Trevathan recovered on the Broncos 40-yard line."
4045,Who were the sculpture galleries that opened in 2006 named after?,"Then there is a section that covers late 19th-century and early 20th-century sculpture, this includes work by Rodin and other French sculptors such as Dalou who spent several years in Britain where he taught sculpture."
781,What does the chloroplast peripheral reticulum do?,Some chloroplasts contain a structure called the chloroplast peripheral reticulum.
1611,Where are many hospital pharmacies located?,"Hospital pharmacies usually stock a larger range of medications, including more specialized medications, than would be feasible in the community setting."
3927,What do the Animal Locomotion photographs capture?,"One of the more unusual collections is that of Eadweard Muybridge's photographs of Animal Locomotion of 1887, this consists of 781 plates."
4283,Who would the occupation alienate?,"Although the Soviet response to such an act would likely not involve force, intelligence warned ""the American occupation would need to last 10 years as the West developed alternative energy sources, and would result in the ‘total alienation’ of the Arabs and much of the rest of the Third World."""
397,Where did the Huguenots land in New York originally?,"New Rochelle, located in the county of Westchester on the north shore of Long Island Sound, seemed to be the great location of the Huguenots in New York."
2125,Where is the MetroCentre located?,"Close to Newcastle, the largest indoor shopping centre in Europe, the MetroCentre, is located in Gateshead."
2197,What type of writings did the reading of the Qur'an bring out in Luther?,"Though Luther saw the Muslim faith as a tool of the devil, he was indifferent to its practice: ""Let the Turk believe and live as he will, just as one lets the papacy and other false Christians live."""
3824,When did violence start in war?,"The dispute erupted into violence in the Battle of Jumonville Glen in May 1754, during which Virginia militiamen under the command of 22-year-old George Washington ambushed a French patrol."
2075,What was the patent number for Tesla's final patent?,"Although the aircraft was probably impractical, it may be the earliest known design for what became the tiltrotor/tilt-wing concept as well as the earliest proposal for the use of turbine engines in rotor aircraft.[improper synthesis?]"
2882,Who was rewarded with building the CSM?,"Because the CSM design was started early before the selection of lunar orbit rendezvous, the service propulsion engine was sized to lift the CSM off of the Moon, and thus was oversized to about twice the thrust required for translunar flight."
5092,Where is Polonia's home venue located?,Polonia was relegated from the country's top flight in 2013 because of their disastrous financial situation.
1154,What does the Ruhr provide to it's community?,"Although many plants and factories can be found along the Rhine up into Switzerland, it is along the Lower Rhine that the bulk of them are concentrated, as the river passes the major cities of Cologne, Düsseldorf and Duisburg."
2629,How high are many of the buildings with turrets?,"These buildings are predominantly four stories high, with vertical dormers, domes, turrets and spikes."
4072,How has this debate been proven?,"This debate has proved difficult to resolve because the practical limitations of working in the rainforest mean that data sampling is biased away from the center of the Amazon basin, and both explanations are reasonably well supported by the available data."
376,How is circuit switching allocated,"In cases of billable services, such as cellular communication services, circuit switching is characterized by a fee per unit of connection time, even when no data is transferred, while packet switching may be characterized by a fee per unit of information transmitted, such as characters, packets, or messages."
1525,When was the regime in Pakistan overthrown by General Zia-ul-Haq?,"In July 1977, General Zia-ul-Haq overthrew Prime Minister Zulfiqar Ali Bhutto's regime in Pakistan."
1799,When did BSkyB launch it's HDTV service?,"Prior to its launch, BSkyB claimed that 40,000 people had registered to receive the HD service."
349,What natural resources did the Chinese government have a monopoly on?,"Kublai's Chinese advisers still wielded significant power in the government, but their official rank was nebulous."
3756,The steps around the water feature can be drained for what uses?,"The design is a subtle blend of the traditional and modern, the layout is formal; there is an elliptical water feature lined in stone with steps around the edge which may be drained to use the area for receptions, gatherings or exhibition purposes."
4575,When was Kublai's administration running out of money?,Kublai's government faced financial difficulties after 1279.
431,When was Europe fully forested and recovered from the last Ice Age?,"As northwest Europe slowly began to warm up from 22,000 years ago onward, frozen subsoil and expanded alpine glaciers began to thaw and fall-winter snow covers melted in spring."
1561,"Which architect, famous for designing London's St. Paul Cathedral, is represented in the RIBA collection?","British architects whose drawings, and in some cases models of their buildings, in the collection, include: Inigo Jones, Sir Christopher Wren, Sir John Vanbrugh, Nicholas Hawksmoor, William Kent, James Gibbs, Robert Adam, Sir William Chambers, James Wyatt, Henry Holland, John Nash, Sir John Soane, Sir Charles Barry, Charles Robert Cockerell, Augustus Welby Northmore Pugin, Sir George Gilbert Scott, John Loughborough Pearson, George Edmund Street, Richard Norman Shaw, Alfred Waterhouse, Sir Edwin Lutyens, Charles Rennie Mackintosh, Charles Holden, Frank Hoar, Lord Richard Rogers, Lord Norman Foster, Sir Nicholas Grimshaw, Zaha Hadid and Alick Horsnell."
1956,What cultural festival is the SAMA festival?,"In October, there is the Design Event festival—an annual festival providing the public with an opportunity to see work by regional, national and international designers."
290,What is the name of the organization in charge of running the clubs at the university?,"Among notable RSOs are the nation's longest continuously running student film society Doc Films, organizing committee for the University of Chicago Scavenger Hunt, the twice-weekly student newspaper The Chicago Maroon, the alternative weekly student newspaper South Side Weekly, the nation's second oldest continuously running student improvisational theater troupe Off-Off Campus, and the university-owned radio station WHPK."
5029,How did King Louis XV respond to British plans?,"In response, King Louis XV dispatched six regiments to New France under the command of Baron Dieskau in 1755."
1494,What did Pope Leo X launch against Luther?,"First, the Dominican theologian Sylvester Mazzolini drafted a heresy case against Luther, whom Leo then summoned to Rome."
3932,"In 1893, who won the bid to light the World's Columbian Exposition?","In 1893, George Westinghouse won the bid to light the 1893 World's Columbian Exposition in Chicago with alternating current, beating out a General Electric bid by one million dollars."
827,Where do many merchants and explorers go?,"Throughout the centuries, the Kenyan Coast has played host to many merchants and explorers."
4648,When did the Sarah Jane series begin?,"The Sarah Jane Adventures, starring Elisabeth Sladen who reprised her role as investigative journalist Sarah Jane Smith, was developed by CBBC; a special aired on New Year's Day 2007 and a full series began on 24 September 2007."
3116,What is typically used to broadly define complexity measures?,Complexity measures are very generally defined by the Blum complexity axioms.
878,Who fought in the French and Indian war?,The French and Indian War (1754–1763) was the North American theater of the worldwide Seven Years' War.
4993,On what date was the record low temperature in Fresno?,Measurable precipitation falls on an average of 48 days annually.
5030,What body has stated that physicians can also dispense drugs under specific conditions?,"However, the American Medical Association (AMA)"
4944,"Who is the designer of the ""50?""","In addition to the Vince Lombardi Trophy that all Super Bowl champions receive, the winner of Super Bowl 50 will also receive a large, 18-karat gold-plated ""50""."
852,As of January 2016 how many digits does the largest known prime consist of?,A simple but slow method of verifying the primality of a given number n is known as trial division.
1293,How are chloroplasts in land plants usually shaped?,"Some algae have two chloroplasts in each cell; they are star-shaped in Zygnema, or may follow the shape of half the cell in order Desmidiales."
3093,"For what invention was U.S. Patent 1,655,114 granted?","In 1928, Tesla received his last patent, U.S. Patent 1,655,114, for a biplane capable of taking off vertically (VTOL aircraft) and then be ""gradually tilted through manipulation of the elevator devices"" in flight until it was flying like a conventional plane."
4331,When was it discovered that prime numbers could applied to the creation of public key cryptography algorithms?,"For a long time, number theory in general, and the study of prime numbers in particular, was seen as the canonical example of pure mathematics, with no applications outside of the self-interest of studying the topic with the exception of use of prime numbered gear teeth to distribute wear evenly."
4758,What was the name of the experiment that tested how life originated?,The University of Chicago has been the site of some important experiments and academic movements.
1250,Who did Luther view to be the Antichrist?,"He saw the Turks as a scourge sent to punish Christians by God, as agents of the Biblical apocalypse that would destroy the antichrist, whom Luther believed to be the papacy, and the Roman Church."
331,When did Henry issue the Edict of Nantes?,"The Edict reaffirmed Catholicism as the state religion of France, but granted the Protestants equality with Catholics under the throne and a degree of religious and political freedom within their domains."
4889,Why did Vision 2030 add the NCCAP?,"In 2013, it launched a National Climate Change Action Plan, having acknowledged that omitting climate as a key development issue in Vision 2030 was an oversight."
1887,What was the nationality of Jerónimo de Ayanz y Beaumont?,The Spanish inventor Jerónimo de Ayanz y
1806,Complexity theory classifies problems based on what primary attribute?,"For a precise definition of what it means to solve a problem using a given amount of time and space, a computational model such as the deterministic Turing machine is used."
635,Who redesigned the central garden?,"The central garden was redesigned by Kim Wilkie and opened as the John Madejski Garden, on 5 July 2005."
418,When was ambulatory care pharmacy approved as its own certification?,In 2011 the board of Pharmaceutical Specialties approved ambulatory care pharmacy practice as a separate board certification.
536,What actress plays the female Master?,"As of the 2014 episode ""Dark Water,"" it was revealed that the Master had become a female incarnation or ""Time Lady,"" going by the name of ""Missy"" (short for Mistress, the feminine equivalent of ""Master"")."
3704,What is the average discharge of the Moselle to the Rhine?,"It is here that the Rhine encounters some more of its main tributaries, such as the Neckar, the Main and, later, the Moselle, which contributes an average discharge of more than 300 m3/s (11,000 cu ft/s)."
1273,What was the purpose of the Turks in Luther's mind?,"He saw the Turks as a scourge sent to punish Christians by God, as agents of the Biblical apocalypse that would destroy the antichrist, whom Luther believed to be the papacy, and the Roman Church."
3549,Who proved that air is necessary for combustion?,From this he surmised that nitroaereus is consumed in both respiration and combustion.
2131,What was Joseph Haas arrested for?,"For example, Joseph Haas was arrested for allegedly sending an email to the Lebanon, New Hampshire city councilors stating, ""Wise up or die."""
1242,Where did Old Briton call home?,"Céloron continued south until his expedition reached the confluence of the Ohio and the Miami rivers, which lay just south of the village of Pickawillany, the home of the Miami chief known as ""Old Briton""."
1069,Who was a prominent Huguenot in Holland?,One of the most prominent Huguenot refugees in the Netherlands was Pierre Bayle.
848,What did Luther refuse to do?,"I can do no other""."
156,Where is the mouth located on the pleuobrachia located?,"From opposite sides of the body extends a pair of long, slender tentacles, each housed in a sheath into which it can be withdrawn."
3113,What happened to the AS-205 mission originally?,"Its Saturn IB was allocated to the dual mission, now redesignated AS-205/208 or AS-258, planned for August 1967."
668,What are some proposals to connect campuses?,"Proposals to connect the Cambridge campus with the new Allston campus include new and enlarged bridges, a shuttle service and/or a tram."
4332,How many membranes do apicoplasts have?,"Plant chloroplasts provide plant cells with many important things besides sugar, and apicoplasts are no different—"
2395,"Along with English and mathematics, what subject replaced values education for fourth year students?","Government regulations have given private education more flexibility and autonomy in recent years, notably by lifting the moratorium on applications for new courses, new schools and conversions, by liberalizing tuition fee policy for private schools, by replacing values education for third and fourth years with English, mathematics and natural science at the option of the school, and by issuing the revised Manual of Regulations for Private Schools in August 1992."
4033,How are existing teachers and non-teachers vetted?,Existing staff will be vetted on a phased basis.
5091,What streets are contraflows to be implemented on in Newcastle?,The authority also has infrastructure aims and objectives which include: developing on road cycle networks on quieter streets; making safer routes on busier streets; innovating and implementing contraflows on one way streets; developing the existing off road cycle route networks and improve signage; joining up routes that are partially or completely isolated; Increase the number of cycle parking facilities; working with employers to integrate cycling into workplace travel plans; link the local networks to national networks.
1426,What types of teachers are retiring the most?,"Many counties offer alternative licensing programs to attract people into teaching, especially for hard-to-fill positions."
1253,What is the name of matters outside the legislative ability of the Scottish Parliament?,"The Scottish Parliament is unable to legislate on such issues that are reserved to, and dealt with at, Westminster (and where Ministerial functions usually lie with UK Government ministers)."
4311,What year marked the lowest ratings for the drama Lost?,The network began running into some trouble in the ratings by 2010.
697,What was Warner Sinback,Warner was right.)
1704,What slogan accompanied the 40th anniversary logo for ABC?,"Ten years later, in 1993, the ""ABC Circle"" logo reverted to its classic white-on-black color scheme, but with gloss effects on both the circle and the letters, and a bronze border surrounding the circle."
3618,Where did he claim he would transport energy to?,"Upon his arrival, he told reporters that he was conducting wireless telegraphy experiments, transmitting signals from Pikes Peak to Paris.[citation needed]"
3754,Why was ABC forced to sell its interests in international networks in the 70s?,The arrival of satellite television ended the need for ABC to hold interests in other countries; many governments also wanted to increase their independence and strengthen legislation to limit foreign ownership of broadcasting properties.
1961,When did ABC begin making family-oriented series?,"The Flintstones allowed ABC to present a novelty, that of prime-time animated programming, but it also allowed the network to begin filling the hole opened by the conclusion of the Disney partnership by carrying family-oriented programming from other producers."
659,What town is surrounded by Jacksonville?,"Nassau County lies to the north, Baker County lies to the west, and Clay and St. Johns County lie to the south; the Atlantic Ocean lies to the east, along with the Jacksonville Beaches."
4357,Which group has young that are born with no tentacles and a large mouth?,"The young are generally planktonic and in most species look like miniature cydippids, gradually changing into their adult shapes as they grow."
3088,Which president ended the Emergency Energy Conservation Act?,"On November 28, 1995, Bill Clinton signed the National Highway Designation Act, ending the federal 55 mph (89 km/h) speed limit, allowing states to restore their prior maximum speed limit."
3086,What is the name of the supposition that any number larger than 2 can be represented as the sum of two primes?,"Many questions regarding prime numbers remain open, such as Goldbach's conjecture (that every even integer greater than 2 can be expressed as the sum of two primes), and the twin prime conjecture (that there are infinitely many pairs of primes whose difference is 2)."
4974,Of what does the covalent double bond result from ?,"The bond can be variously described based on level of theory, but is reasonably and simply described as a covalent double bond that results from the filling of molecular orbitals formed from the atomic orbitals of the individual oxygen atoms, the filling of which results in a bond order of two."
3459,How many times did plague occur in Venice?,"The Black Death ravaged Europe for three years before it continued on into Russia, where the disease was present somewhere in the country 25 times between 1350 to 1490."
3712,What enables the Scottish Parliament to scrutinize the government?,Several procedures enable the Scottish Parliament to scrutinise the Government.
4526,When was Levi's Stadium picked for Super bowl 50?,"On May 21, 2013, NFL owners at their spring meetings in Boston voted and awarded the game to Levi's Stadium."
3991,What are the top 4-5% graduating students honored with?,"Students graduating in the top 4–5% of the class are awarded degrees summa cum laude, students in the next 15% of the class are awarded magna cum laude, and the next 30% of the class are awarded cum laude."
3551,Who was Margaret's husband?,"Malcolm submitted, paid homage to William and surrendered his son Duncan as a hostage, beginning a series of arguments as to whether the Scottish Crown owed allegiance to the King of England."
3817,What goal does Islamism have when it comes to society and government?,Islamism favors the reordering of government and society in accordance with the Shari'a.
3725,What is a typical name for learning that is not inside of the classroom?,"Many times, teachers assist in learning outside of the classroom by accompanying students on field trips."
3589,Which university did Tesla audit in 1880?,"Unfortunately, he arrived too late to enroll at Charles-Ferdinand University; he never studied Greek, a required subject; and he was illiterate in Czech, another required subject."
728,What is the most rainfall recorded in a 24 hour period in Fresno?,"The most rainfall in one month was 9.54 inches (242.3 mm) in November 1885 and the most rainfall in 24 hours 3.55 inches (90.2 mm) on November 18, 1885."
1383,In what direction does the mountain system extend?,The Alps are part of the Great Dividing Range mountain system extending east-west through the centre of Victoria.
3793,What did Thoreau claim about the majority?,The majority may be powerful but it is not necessarily right.
4748,Which authority figure is designated to schedule and set the work of the EU?,"Under article 17(2), ""Union legislative acts may only be adopted on the basis of a Commission proposal, except where the Treaties provide otherwise."
4306,What is a ctenophora?,"Ctenophora (/tᵻˈnɒfərə/; singular ctenophore, /ˈtɛnəfɔːr/ or /ˈtiːnəfɔːr/; from the Greek κτείς kteis 'comb' and φέρω pherō 'carry'; commonly known as comb jellies) is a phylum of animals that live in marine waters worldwide."
1200,What Universal trailer debuted during the Super Bowl?,"20th Century Fox, Lionsgate, Paramount Pictures, Universal Studios and Walt Disney Studios paid for movie trailers to be aired during the Super Bowl."
5056,What is the name of the longest bridge in Germany?,One of the most important cities in this region is Duisburg with the largest river port in Europe (Duisport).
5402,Who succeeded Thomas Murphy as president in 1990?,"Lasting nine seasons, its success led ABC to greenlight additional sitcom projects helmed by comedians during the 1990s including The Drew Carey Show; Brett Butler vehicle Grace Under Fire; and Ellen, which became notable for a 1997 episode which served as the coming out of series star Ellen DeGeneres (as well as her character in the series) as a lesbian."
4618,what did tesla note the hazards of working with?,Tesla noted the hazards of working with his circuit and single-node X-ray-producing devices.
839,How many granal thylakoids can be in each granum?,"The helicoids may extend as large sheets that link multiple grana, or narrow to tube-like bridges between grana."
4042,Which successor to Henry resumed persecution of the Huguenots?,"The uprising occurred a decade following the death of Henry IV, a Huguenot before converting to Catholicism, who had protected Protestants through the Edict of Nantes."
4625,What show did Peter Jennings anchor for ABC?,"ABC also owns the Times Square Studios at 1500 Broadway on land in Times Square owned by a development fund for the 42nd Street Project; opened in 1999, Good Morning America and Nightline are broadcast from this particular facility."
680,Who started the IPCC Trust Fund?,"The IPCC receives funding through the IPCC Trust Fund, established in 1989 by the United Nations Environment Programme (UNEP) and the World Meteorological Organization (WMO), Costs of the Secretary and of housing the secretariat are provided by the WMO, while UNEP meets the cost of the Depute Secretary."
475,How are cyanobacteria sometimes wrongly described?,They are sometimes called blue-green algae even though they are prokaryotes.
4276,What type of microscope is used by petrologists?,Two of the primary methods for identifying rocks in the laboratory are through optical microscopy and by using an electron microprobe.
3314,What Denver player caught the ball 76 times in the 2015 season?,"Veteran receiver Demaryius Thomas led the team with 105 receptions for 1,304 yards and six touchdowns, while Emmanuel Sanders caught 76 passes for 1,135 yards and six scores, while adding another 106 yards returning punts."
3267,When was the Battle of Hastings?,"In 1066, Duke William II of Normandy conquered England killing King Harold II at the Battle of Hastings."
415,How many Panthers players were selected to the Pro Bowl?,"Despite waiving longtime running back DeAngelo Williams and losing top wide receiver Kelvin Benjamin to a torn ACL in the preseason, the Carolina Panthers had their best regular season in franchise history, becoming the seventh team to win at least 15 regular season games since the league expanded to a 16-game schedule in 1978."
1983,Who was Tesla's main influence in Karlovac?,"Tesla was able to perform integral calculus in his head, which prompted his teachers to believe that he was cheating."
1592,When did the Fourth Doctor appear on CD?,Tom Baker's Fourth Doctor began appearing for Big Finish in 2012.
4513,What music did the fourth soundtrack feature?,"The first featured tracks from the first two series, the second and third featured music from the third and fourth series respectively."
1056,Why are people who distribute leaflets inside courthouses not been arrested?,"The necessity defense has sometimes been used as a shadow defense by civil disobedients to deny guilt without denouncing their politically motivated acts, and to present their political beliefs in the courtroom."
5164,What do C4 plants need?,"Normally, the reenergized electrons are taken by NADP+, though sometimes they can flow back down more H+-pumping electron transport chains to transport more hydrogen ions into the thylakoid space to generate more ATP."
4070,What term resulted from Dioscorides' book?,The Greek physician Pedanius Dioscorides is famous for writing a five volume book in his native Greek Περί ύλης ιατρικής in the 1st century AD.
289,What is Kenya doing to determine if there are more reserves?,Exploration is still continuing to determine if there are more reserves.
1768,How many seconds were left in the game when the Broncos intercepted the pass that won the game?,"Despite Manning's problems with interceptions during the season, he didn't throw any in their two playoff games."
4712,Since what year has the UMC been exploring a possible merger with three historically African-American denominations?,A Commission on Pan Methodist Cooperation and Union formed in 2000 to carry out work on such a merger.
1347,Who wrote the poem The Mark of Anarchy?,"The Mask of Anarchy later that year, that begins with the images of what he thought to be the unjust forms of authority of his time—and then imagines the stirrings of a new form of social action."
3535,Who helped Temüjin rescue his wife from the Merkits?,"Temüjin rescued her with the help of his friend and future rival, Jamukha, and his protector, Toghrul Khan of the Keraite tribe."
321,When did the KMJ-TV first broadcast?,"The very first Fresno television station to begin broadcasting was KMJ-TV, which debuted on June 1, 1953."
4630,What is the name of the team from USC?,"I in the Pac-12 Conference, and there is a longtime rivalry between the schools."
4266,What is the name of Sky Q's broadband router?,The Sky Q Mini set top boxes connect to the Sky Q Silver set top boxes with a Wi-Fi or Power-line connection rather than receive their own satellite feeds.
2623,What is the search feature on the V&A website called?,"most of the items in the collection, unless those were newly accessioned into the collection, probably do not show up in the computer system."
2899,Which series were featured on the first Doctor Who soundtrack?,The fourth was released on 4 October 2010 as a two disc special edition and contained music from the 2008–2010 specials (The Next Doctor to End of Time Part 2).
1851,How early did Luther say he had to awaken every day?,"He was made to wake at four every morning for what has been described as ""a day of rote learning and often wearying spiritual exercises."""
3020,Who did the NIF regime harbor prior to 9/11?,"The NIF regime also harbored Osama bin Laden for a time (before 9/11), and worked to unify Islamist opposition to the American attack on Iraq in the 1991 Gulf War."
145,How much of the population of Earth ended up seeing the images of the Earth and the Moon?,An estimated one-quarter of the population of the world saw—either live or delayed—the Christmas Eve transmission during the ninth orbit of the Moon.
305,In Sept 1760 who negotiated a capitulation from Montreal?,The British provided medical treatment for the sick and wounded French soldiers and French regular troops were returned to France aboard British ships with an agreement that they were not to serve again in the present war.
3750,The Muslim Brotherhood's competence compares well against what type of local governments?,"Islamist movements such as the Muslim Brotherhood, ""are well known for providing shelters, educational assistance, free or low cost medical clinics, housing assistance to students from out of town, student advisory groups, facilitation of inexpensive mass marriage ceremonies to avoid prohibitively costly dowry demands, legal assistance, sports facilities, and women's groups."
481,What trend increases the organic composition of capital over the long term?,"Over the long-term, this trend increases the organic composition of capital, meaning that less workers are required in proportion to capital inputs, increasing unemployment (the ""reserve army of labour"")."
2888,What is the name of the region that is not defined by the eight or 10 county definitions?,"The 8- and 10-county definitions are not used for the greater Southern California Megaregion, one of the 11 megaregions of the United States."
1031,What type of shadow does the North Pennines cast?,"The climate in Newcastle is oceanic (Köppen Cfb) and significantly milder than some other locations in the world at a similar latitude, due to the warming influence of the Gulf Stream (via the North Atlantic Drift)."
709,Intractable problems lacking polynomial time solutions necessarily negate the practical efficacy of what type of algorithm?,"To see why exponential-time algorithms might be unusable in practice, consider a program that makes 2n operations before halting."
1220,What are engines using four expansion stages known as?,Such engines use either three or four expansion stages and are known as triple and quadruple expansion engines respectively.
1954,What country's schools have codes of behavior that are very strict?,"Although, officially, schools have extremely rigid codes of behavior, in practice many teachers find the students unmanageable and do not enforce discipline at all."
2893,What European event caused the Huguenots to abandon Charlesfort?,"The Wars of Religion precluded a return voyage, and the outpost was abandoned."
735,How long was he bedridden with cholera?,"Shortly after he arrived, Tesla contracted cholera; he was bedridden for nine months and was near death multiple times."
516,What name was given to the western half of the colony?,"They had been sent from England in HMS Calcutta under the command of Captain Daniel Woodriff, principally out of fear that the French, who had been exploring the area, might establish their own settlement and thereby challenge British rights to the continent."
4996,How many yards did the Carolina Panthers gain in the 487 in the NFC Championship Game?,"The Panthers beat the Seattle Seahawks in the divisional round, running up a 31–0 halftime lead and then holding off a furious second half comeback attempt to win 31–24, avenging their elimination from a year earlier."
1821,Which noble helped establish the Huguenot settlement in Saarland?,"Prince Louis de Condé, along with his sons Daniel and Osias,[citation needed] arranged with Count Ludwig von Nassau-Saarbrücken to establish a Huguenot community in present-day Saarland in 1604."
3541,What did Luther add to his catechisms?,"The catechisms provided easy-to-understand instructional and devotional material on the Ten Commandments, the Apostles' Creed, the Lord's Prayer, baptism, and the Lord's Supper."
2827,"In South Africa, along with privately governed schools, what schools are classified as independent?","The South African Schools Act of 1996 recognises two categories of schools: ""public"" (state-controlled) and ""independent"" (which includes traditional private schools and schools which are privately governed[clarification needed].)"
3175,What device was one of the first to aid a controversy?,"Within two weeks, copies of the theses had spread throughout Germany; within two months, they had spread throughout Europe."
3692,After what battle did Union forces return to and occupy Jacksonville for the rest of the war?,In February 1864 Union forces left Jacksonville and confronted a Confederate Army at the Battle of Olustee resulting in a Confederate victory.
2110,When a pathogen has been eaten by a phagocyte it becomes trapped in what vesicle?,"Once a pathogen has been engulfed by a phagocyte, it becomes trapped in an intracellular vesicle called a phagosome, which subsequently fuses with another vesicle called a lysosome to form a phagolysosome."
135,Who kidnapped Temüjin's first wife soon after they were married?,"Soon after Börte's marriage to Temüjin, she was kidnapped by the Merkits and reportedly given away as a wife."
2381,Who first fully explained the origins of magnetic and electric fields?,"The origin of electric and magnetic fields would not be fully explained until 1864 when James Clerk Maxwell unified a number of earlier theories into a set of 20 scalar equations, which were later reformulated into 4 vector equations by Oliver Heaviside and Josiah Willard Gibbs."
1272,"After 1945, what challenged the French empire?","Whereas they won the war in Algeria, the French leader at the time, Charles de Gaulle, decided to grant Algeria independence anyway in 1962."
5460,How many square kilometers is the Amazon Basin?,"This basin encompasses 7,000,000 square kilometres (2,700,000 sq mi), of which 5,500,000 square kilometres (2,100,000 sq mi) are covered by the rainforest."
4116,What type of manufacturing plant is Victoria soon losing?,"Historically, Victoria has been the base for the manufacturing plants of the major car brands Ford, Toyota and Holden; however, closure announcements by all three companies in the 21st century will mean that Australia will no longer be a base for the global car industry, with Toyota's statement in February 2014 outlining a closure year of 2017."
2054,Which musical genre did the progressive folk-rock band Gryphon presented at a concert/lecture at the V&A?,"In July 1973, as part of its outreach programme to young people, the V&A became the first museum in Britain to present a rock concert."
626,Which of Genghis Khan's sons completed the conquest of the Jin dynasty?,"In 1211, after the conquest of Western Xia, Genghis Khan planned again to conquer the Jin dynasty."
2272,What damaged the color TV camera that Apollo 12 had taken into space?,"carried the first lunar surface color television camera, but it was damaged when accidentally pointed into the Sun."
1290,How many stations did ABC have affiliation agreements with in 2015?,"As of March 2015[update], ABC has eight owned-and-operated stations, and current and pending affiliation agreements with 235 additional television stations encompassing 49 states, the District of Columbia, four U.S. possessions, Bermuda and Saba; this makes ABC the largest U.S. broadcast television network by total number of affiliates."
2930,How many buildings were razed by the Jacksonville fire?,"On May 3, 1901, downtown Jacksonville was ravaged by a fire that started as a kitchen fire."
2809,In which year was the Salting Bequest?,"The V&A holds over 19,000 items from the Islamic world, ranging from the early Islamic period (the 7th century) to the early 20th century."
828,What was the topic of the error?,"Martin Parry, a climate expert who had been co-chair of the IPCC working group II, said that ""What began with a single unfortunate error over Himalayan glaciers has become a clamour without substance"" and the IPCC had investigated the other alleged mistakes, which were ""generally unfounded and also marginal to the assessment""."
5162,In what part of the city did residents suffer from a lack of city services?,"In addition, residents in unincorporated suburbs had difficulty obtaining municipal services, such as sewage and building code enforcement."
4773,Where does the Rhine empty?,"Rhein, French: le Rhin, Dutch: Rijn) is a European river that begins in the Swiss canton of Graubünden in the southeastern Swiss Alps, forms part of the Swiss-Austrian, Swiss-Liechtenstein border, Swiss-German and then the Franco-German border, then flows through the Rhineland and eventually empties into the North Sea in the Netherlands."
1759,Where does the Rhine begin?,"The river length is significantly shortened from the river's natural course due to number of canalisation projects completed in the 19th and 20th century.[note 7] The ""total length of the Rhine"", to the inclusion of Lake Constance and the Alpine Rhine is more difficult to measure objectively; it was cited as 1,232 kilometres (766 miles) by the Dutch Rijkswaterstaat in 2010.[note 1]"
703,How many US presidents are alumni of the school?,"The nominal cost of attendance is high, but the University's large endowment allows it to offer generous financial aid packages."
4948,How much did Levi's Stadium cost?,The $1.2 billion stadium opened in 2014.
4018,Who performed the funeral for Martin Luther?,"A year later, troops of Luther's adversary Charles V, Holy Roman Emperor entered the town, but were ordered by Charles not to disturb the grave."
3146,When did Li Tan lead a revolt?,He feared that his dependence on Chinese officials left him vulnerable to future revolts and defections to the Song.
3115,In what year was Roger II made king?,"From these bases, the Normans eventually captured Sicily and Malta from the Saracens, under the leadership of the famous Robert Guiscard, a Hauteville, and his younger brother Roger the Great Count."
899,When did the undergraduate program become coeducational?,The undergraduate college became coeducational after its 1977 merger with Radcliffe College.
2512,When was the drainage basin of the Amazon believed to have split in the middle of South America?,"Within the last 5–10 million years, this accumulating water broke through the Purus Arch, joining the easterly flow toward the Atlantic."
3114,Name a common autoimmune disease.,"Disorders of the immune system can result in autoimmune diseases, inflammatory diseases and cancer."
2568,What was Frensh military presence at start of war?,"At the start of the war, no French regular army troops were stationed in North America, and few British troops."
1436,What is to blame for the burdens in health care in Kenya?,"Preventable diseases like malaria, HIV/AIDS, pneumonia, diarrhoea and malnutrition are the biggest burden, major child-killers, and responsible for much morbidity; weak policies, corruption, inadequate health workers, weak management and poor leadership in the public health sector are largely to blame."
3289,In what year will the Barack Obama Presidential Center be finished?,"The university is also home to the University of Chicago Press, the largest university press in the United States."
876,How old was Chopin when he moved to Warsaw with his family?,"One of the most famous people born in Warsaw was Maria Skłodowska-Curie, who achieved international recognition for her research on radioactivity and was the first female recipient of the Nobel Prize."
3073,Who designed the Hereford Screen?,The master of wrought ironwork Jean Tijou is represented by both examples of his work and designs on paper.
1599,What has shortened the Rhine river?,"The river length is significantly shortened from the river's natural course due to number of canalisation projects completed in the 19th and 20th century.[note 7] The ""total length of the Rhine"", to the inclusion of Lake Constance and the Alpine Rhine is more difficult to measure objectively; it was cited as 1,232 kilometres (766 miles) by the Dutch Rijkswaterstaat in 2010.[note 1]"
958,What do a plant's chloroplasts descend from?,"Chloroplasts are a special type of a plant cell organelle called a plastid, though the two terms are sometimes used interchangeably."
4965,When did the Arab oil producers lift the embargo?,Arab oil producers linked any future policy changes to peace between the belligerents.
325,Approximately how many paintings comprise the museum's collections of South and South-East Asian art?,"The Jawaharlal Nehru gallery of Indian art, opened in 1991, contains art from about 500 BC to the 19th century."
4319,In what year did Dewar experiment on liquid oxygen?,In 1891 Scottish chemist James Dewar was able to produce enough liquid oxygen to study.
1073,What type of soil is considered a product of soil management by indigenous peoples in the Amazon Forest?,"The development of this fertile soil allowed agriculture and silviculture in the previously hostile environment; meaning that large portions of the Amazon rainforest are probably the result of centuries of human management, rather than naturally occurring as has previously been supposed."
1553,How many coordinating lead authors does an IPCC report chapter have?,"A chapter typically has two ""coordinating lead authors"", ten to fifteen ""lead authors"", and a somewhat larger number of ""contributing authors""."
970,How many full time teachers does Victoria have?,"Victoria has about 63,519 full-time teachers."
4370,What did Martin Luther's marriage allow?,"His marriage to Katharina von Bora set a model for the practice of clerical marriage, allowing Protestant clergy to marry."
3111,When did General Hospital begin airing?,"ABC also broadcasts the morning news program Good Morning America and has done so since 1975, though that program is not considered to be part of the ABC Daytime block."
3538,When were the elections that produced a higher vote by Protestant Nazi sympathizers than by Catholics?,"Nevertheless, Professor Richard (Dick) Geary, former Professor of Modern History at the University of Nottingham, England, and the author of Hitler and Nazism (Routledge 1993), wrote in the journal History Today an article on who voted for the Nazis in elections held from 1928-1933, where he claimed that from his research he found that the Nazis gained disproportionately more votes from Protestant than Catholic areas of Germany."
4761,When did the practice of wiping tapes stop?,"In 1972, almost all episodes then made were known to exist at the BBC, while by 1978 the practice of wiping tapes and destroying ""spare"" film copies had been brought to a stop."
4869,"Who intercepted a Manning pass, giving the ball back to the Panthers?",The Panthers could not gain any yards with their possession and had to punt.
5457,How many central conferences are outside of the United States?,Subordinate to the General Conference are the jurisdictional and central conferences which also meet every four years.
4186,What did the second stage in the Saturn V end up doing?,The three-stage Saturn V was designed to send a fully fueled CSM and LM to the Moon.
3770,"Unlike confirmation and profession of faith, what is a sacrament in the UMC?","Unlike confirmation and profession of faith, Baptism is a sacrament in the UMC."
5419,What are the principal cash crops in Kenya?,Horticultural produce and tea are the main growth sectors and the two most valuable of all of Kenya's exports.
761,"What has given the American economy a tendency to go ""from bubble to bubble""?","This has given the American economy a tendency to go ""from bubble to bubble"" fueled by unsustainable monetary stimulation."
4565,What practice do some internet pharmacies engage in?,"Many customers order drugs from such pharmacies to avoid the ""inconvenience"" of visiting a doctor or to obtain medications which their doctors were unwilling to prescribe."
5282,Who is the Costa Rican President that went to Harvard?,"Politics: U.N. Secretary General Ban Ki-moon; American political leaders John Hancock, John Adams, John Quincy Adams, Rutherford B. Hayes, Theodore Roosevelt, Franklin D. Roosevelt, John F. Kennedy, Al Gore, George W. Bush and Barack Obama; Chilean President Sebastián Piñera; Colombian President Juan Manuel Santos; Costa Rican President José María Figueres; Mexican Presidents Felipe Calderón, Carlos Salinas de Gortari and Miguel de la Madrid; Mongolian President Tsakhiagiin Elbegdorj; Peruvian President Alejandro Toledo; Taiwanese President Ma Ying-jeou; Canadian Governor General David Lloyd Johnston; Indian Member of Parliament Jayant Sinha; Albanian Prime Minister Fan S. Noli; Canadian Prime Ministers Mackenzie King and Pierre Trudeau; Greek Prime Minister Antonis Samaras; Israeli Prime Minister Benjamin Netanyahu; former Pakistani Prime Minister Benazir Bhutto; U. S. Secretary of Housing and Urban Development Shaun Donovan; Canadian political leader Michael Ignatieff; Pakistani Members of Provincial Assembly Murtaza Bhutto and Sanam Bhutto; Bangladesh Minister of Finance Abul Maal Abdul Muhith; President of Puntland"
2238,Milutin Tesla died at what age?,"On 17 April 1879, Milutin Tesla died at the age of 60 after contracting an unspecified illness (although some sources say that he died of a stroke)."
2785,How many prime numbers exist?,"There are infinitely many primes, as demonstrated by Euclid around 300 BC."
1204,When did the United States withdraw from the Bretton Woods Accord?,"On August 15, 1971, the United States unilaterally pulled out of the Bretton Woods Accord."
1169,What California city last hosted the Super Bowl?,"It is the first Super Bowl held in the San Francisco Bay Area since Super Bowl XIX in 1985, and the first in California since Super Bowl XXXVII took place in San Diego in 2003."
3552,What was the name of the character known as the Time Lady?,"Notable companions from the earlier series included Romana (Mary Tamm and Lalla Ward), a Time Lady; Sarah Jane Smith (Elisabeth Sladen); and Jo Grant (Katy Manning)."
139,What popular phrase is associated with the Doctor Who series?,"A 2012 article placed this childhood juxtaposition of fear and thrill ""at the center of many people's relationship with the show"", and a 2011 online vote at Digital Spy deemed the series the ""scariest TV show of all time""."
2143,What entity in Canada handles substitution regulations for television shows?,"Most Canadians have access to at least one U.S.-based ABC affiliate, either over-the-air (in areas located within proximity to the Canada–United States border) or through a cable, satellite or IPTV provider, although most ABC programs are subject to simultaneous substitution regulations imposed by the Canadian Radio-television and Telecommunications Commission that allow pay television providers to replace an American station's signal with the feed of a Canadian broadcaster to protect domestic programming rights and advertising revenue."
2871,Who found that Protestants voted for Nazis more than Catholics?,"Since the 1980s, Lutheran Church denominations have repudiated Martin Luther's statements against the Jews and have rejected the use of them to incite hatred against Lutherans."
4252,What kinds of growth did Kublai encourage?,"Kublai Khan promoted commercial, scientific, and cultural growth."
3291,IP and AM are most commonly defined by what type of proof system?,#P is an important complexity class of counting problems (not decision problems).
1410,In what year was an early admission program reintroduced?,"Harvard College accepted 5.3% of applicants for the class of 2019, a record low and the second lowest acceptance rate among all national universities."
2988,What delivery message was used,"The work focuses on three key ideas: use of a decentralized network with multiple paths between any two points, dividing user messages into message blocks, later called packets, and delivery of these messages by store and forward switching."
1957,When did Tesla graduate?,"He finished a four-year term in three years, graduating in 1873.:33"
4281,Who was the first president and director of programming for ABC Entertainment?,"In 1974, ABC premiered the detective series S.W.A.T. That same year, the network made the decision to compete with NBC's morning news-talk program Today."
1796,"After asking if the books were his, what else did Eck ask Luther?","Johann Eck, speaking on behalf of the Empire as assistant of the Archbishop of Trier, presented Luther with copies of his writings laid out on a table and asked him if the books were his, and whether he stood by their contents."
4906,What directly correlates with the country's economic performance and wealth distribution?,"Preventable diseases like malaria, HIV/AIDS, pneumonia, diarrhoea and malnutrition are the biggest burden, major child-killers, and responsible for much morbidity; weak policies, corruption, inadequate health workers, weak management and poor leadership in the public health sector are largely to blame."
1434,What caused the dynamos to be burnt out?,"While experimenting, Tesla inadvertently faulted a power station generator, causing a power outage."
192,Who was drawn to Jacksonville in the 1910s?,"In the 1910s, New York–based filmmakers were attracted to Jacksonville's warm climate, exotic locations, excellent rail access, and cheap labor."
4359,Roughly how much is the Student Government's budget?,Its annual budget is greater than $2 million.
3687,"In a computational problem, what can be described as a string over an alphabet?","As in a real-world computer, mathematical objects other than bitstrings must be suitably encoded."
2132,What Lionsgate trailer was shown during the Super Bowl?,"Resurgence and Eddie the Eagle, Lionsgate paid for Gods of Egypt, Paramount paid for Teenage Mutant Ninja Turtles: Out of the Shadows and 10 Cloverfield Lane, Universal paid for The Secret Life of Pets and the debut trailer for Jason Bourne and Disney paid for Captain America: Civil War, The Jungle Book and Alice Through the Looking Glass.[citation needed]"
4031,Capital City and ABC sold the WXYZ-TV and WFTS-TV stations to what company?,"To finance the purchase, Capital Cities borrowed $2.1 billion from a consortium of banks, which sold certain assets that Capital Cites could not acquire or retain due to FCC ownership rules for a combined $900 million and sold off several cable television systems, which were sold to The Washington Post Company (forming the present-day Cable One)."
1100,What was the wedding date?,The marriage was celebrated with great pomp and splendor.
1813,Gateways allowed private companies to do what,The private networks were often connected via gateways to the public network to reach locations not on the private network.
85,What is the term for the arrangement of two unpaired electrons in dioxygen?,"An electron configuration with two unpaired electrons as found in dioxygen (see the filled π* orbitals in the diagram), orbitals that are of equal energy—i.e., degenerate—is a configuration termed a spin triplet state."
2324,What field type is usually chosen for Super Bowl games?,"As is customary for Super Bowl games played at natural grass stadiums, the NFL re-sodded the field with a new playing surface; a hybrid Bermuda 419 turf."
150,What does Colonia Agrippina's original name translate into?,"The actual number of legions present at any base or in all, depended on whether a state or threat of war existed."
24,By what method did Maududi want to change the hearts and minds of individuals?,"Although Maududi talked about Islamic revolution, by ""revolution"" he meant not the violence or populist policies of the Iranian Revolution, but the gradual changing the hearts and minds of individuals from the top of society downward through an educational process or da'wah."
2571,Where is the George W. Bush Presidential library?,"One of the most high profile decisions in recent years by one of the councils was a decision by the Mission Council of the South Central Jurisdiction which in March 2007 approved a 99-year lease of 36 acres (150,000 m2) at Southern Methodist University for the George W. Bush Presidential Library."
3678,What venue did Super Bowl 50 take place in?,"The game was played on February 7, 2016, at Levi's Stadium in the San Francisco Bay Area at Santa Clara, California."
2904,What did the Shah do when faced with defeat by Genghis Khan's forces?,"Genghis Khan ordered Subutai and Jebe to hunt him down, giving them 20,000 men and two years to do this."
1512,What is the Canal in Wesel?,"In Wesel, 30 km downstream of Duisburg, is located the western end of the second east-west shipping route, the Wesel-Datteln Canal, which runs parallel to the Lippe."
301,How many casualties did British get?,It was attacked by French and Indian soldiers ambushing them from up in trees and behind logs.
2405,Where did most chloroplasts come from?,"While most chloroplasts originate from that first set of endosymbiotic events, Paulinella chromatophora is an exception that acquired a photosynthetic cyanobacterial endosymbiont more recently."
3039,What did the engineers fear would be difficult in space due to it never being attempted in Earth orbit?,"Bypassing the NASA hierarchy, he sent a series of memos and reports on the issue to Associate Administrator Robert Seamans; while acknowledging that he spoke ""somewhat as a voice in the wilderness,"" Houbolt pleaded that LOR should not be discounted in studies of the question."
2073,Where in Warsaw are patriotic and political objects connected with Poland's struggles for Independence found?,The Museum of Independence preserves patriotic and political objects connected with Poland's struggles for independence.
1381,The V&A's youth outreach programme was a hallmark of whose directorship?,This innovative approach to bringing young people to museums was a hallmark of the directorship of Roy Strong and was subsequently emulated by some other British museums.
4689,How many years does the V&A's collections span?,"Overall, it is one of the largest museums in the world."
4915,What surrounds Plastoglobuli?,They are surrounded by a lipid monolayer.
3693,What are the three largest urban areas in Kenya?,"Although Kenya is the most industrially developed country in the African Great Lakes region, manufacturing still accounts for only 14% of the GDP."
4836,How did Luther say that reason contributes to faith?,Some scholars have asserted that Luther taught that faith and reason were antithetical in the sense that questions of faith could not be illuminated by reason.
2638,What are the exchanged particles predicted by the standard Model?,"With modern insights into quantum mechanics and technology that can accelerate particles close to the speed of light, particle physics has devised a Standard Model to describe forces between particles smaller than atoms."
3742,How many days after Gagarin's flight did the US House Committee on Science and Astronautics meet?,"At a meeting of the US House Committee on Science and Astronautics one day after Gagarin's flight, many congressmen pledged their support for a crash program aimed at ensuring that America would catch up."
387,What profession does Simon Kuznets have?,"As a country develops, it acquires more capital, which leads to the owners of this capital having more wealth and income and introducing inequality."
5392,What do closed rivers serve as after they close?,"Many rivers have been closed (""dammed"") and now serve as drainage channels for the numerous polders."
2786,How much did Capital Cities/ABC report in revenues in 1990?,Capital Cities/ABC reported revenues of $465 million.
3110,What did Pegasus satellites measure to propose the safety of the environment in space and on the moon?,"The first four Saturn I test flights were launched from LC-34, with only live first stages, carrying dummy upper stages filled with water."
4964,Who was the first European to travel the Amazon River?,"The BBC's Unnatural Histories presented evidence that the Amazon rainforest, rather than being a pristine wilderness, has been shaped by man for at least 11,000 years through practices such as forest gardening and terra preta."
4172,What makes the method of trial division more efficient?,This routine can be implemented more efficiently if a complete list of primes up to  is known—then trial divisions need to be checked only for those m that are prime.
3848,What kind of people attend the IPCC meetings?,Attendance at the 2003 meeting included 350 government officials and climate change experts.
1881,Why did French feel they had right to Ohio claim?,"He told Washington that France's claim to the region was superior to that of the British, since René-Robert Cavelier, Sieur de La Salle had explored the Ohio Country nearly a century earlier."
604,What did did article 34 discriminate against in Procureur du Roi v Dassonville?,"It discriminated against parallel importers like Mr Dassonville, who could not get certificates from authorities in France, where they bought the Scotch."
3697,How many women were employed in construction in 2011?,"In the United States, approximately 828,000 women were employed in the construction industry as of 2011."
3052,Which shaman's proclamation aided Temüjin's rise?,"Due to his earlier defeat of the Merkits, and a proclamation by the shaman Kokochu that the Eternal Blue Sky had set aside the world for Temüjin, Temüjin began rising to power."
1103,How many NFL teams have finished the regular season with one loss?,"The Carolina Panthers became one of only ten teams to have completed a regular season with only one loss, and one of only six teams to have acquired a 15–1 record, while the Denver Broncos became one of four teams to have made eight appearances in the Super Bowl."
3440,What is the name of the desert near the border of Nevada?,"To the east is the Colorado Desert and the Colorado River at the border with Arizona, and the Mojave Desert at the border with the state of Nevada."
778,When was the British Nationality Act passed?,"Specifically, members must be over the age of 18 and must be a citizen of the United Kingdom, the Republic of Ireland, one of the countries in the Commonwealth of Nations, a citizen of a British overseas territory, or a European Union citizen resident in the UK."
4555,What type of civil war was fought between political and tribal warlords?,"In Afghanistan, the mujahideen's victory against the Soviet Union in the 1980s did not lead to justice and prosperity, due to a vicious and destructive civil war between political and tribal warlords, making Afghanistan one of the poorest countries on earth."
5053,What types of scientists looks for signs of magnetic reversals in igneous rocks within the drill cores?,"In the laboratory, biostratigraphers analyze rock samples from outcrop and drill cores for the fossils found in them."
3164,What planet do the Daleks come from?,"Their chief role in the series plot, as they frequently remark in their instantly recognisable metallic voices, is to ""exterminate"" all non-Dalek beings."
1668,Who was the leader of the Islamist regime in Sudan?,His National Islamic Front first gained influence when strongman General Gaafar al-Nimeiry invited members to serve in his government in 1979.
5432,What did a greedy merchant do to the mermaid?,A greedy merchant also heard her songs; he followed the fishermen and captured the mermaid.
3001,What does the ctenophora use to swim?,Their most distinctive feature is the ‘combs’ – groups of cilia which they use for swimming – they are the largest animals that swim by means of cilia.
2732,What is petrology?,"Geologists use a number of field, laboratory, and numerical modeling methods to decipher Earth history and understand the processes that occur on and inside the Earth."
2527,"In 2013-14, NBC finished behind what network in the ratings?","NBC, which had lagged behind ABC for eight years, finished the season in first place in the 18–49 demographic for the first time since 2004, and in second place in total viewership behind long-dominant CBS."
286,What are malum prohibitum considerations?,"Other legal requirements come from malum prohibitum considerations, or things that are a matter of custom or expectation, such as isolating businesses to a business district and residences to a residential district."
1664,What type of immune systems are found in all plants and animals?,"This improved response is then retained after the pathogen has been eliminated, in the form of an immunological memory, and allows the adaptive immune system to mount faster and stronger attacks each time this pathogen is encountered."
225,What is the usual source of heat for boiling water in the steam engine?,"In the case of model or toy steam engines, the heat source can be an electric heating element."
2714,Which French kind issued this declaration?,Renewed religious warfare in the 1620s caused the political and military privileges of the Huguenots to be abolished following their defeat.
3480,What did a survey of North American Lutherans find that Lutherans felt about Jews compared to other minority groups?,"Since the 1980s, Lutheran Church denominations have repudiated Martin Luther's statements against the Jews and have rejected the use of them to incite hatred against Lutherans."
317,Which town's massacre did Genghis Khan order in retribution for the treatment of his envoys?,"The Mongol army quickly seized the town of Otrar, relying on superior strategy and tactics."
2220,Who did Rollo sign the treaty of Saint-Clair-sur-Epte with?,"The area corresponded to the northern part of present-day Upper Normandy down to the river Seine, but the Duchy would eventually extend west beyond the Seine."
99,What lineage is Karenia in?,"The fucoxanthin dinophyte lineages (including Karlodinium and Karenia) lost their original red algal derived chloroplast, and replaced it with a new chloroplast derived from a haptophyte endosymbiont."
3055,What did John Dobson describe Newcastle as?,"Broadcaster and writer Stuart Maconie described Newcastle as England's best-looking city and the late German-born British scholar of architecture, Nikolaus Pevsner, describes Grey Street as one of the finest streets in England."
2876,What happened to his ribs in the accident?,Tesla's back was severely wrenched and three of his ribs were broken in the accident (the full extent of his injuries will never be known; Tesla refused to consult a doctor—an almost lifelong custom).
5438,Of what nationality was Martin Luther?,Luther came to reject several teachings and practices of the Late Medieval Catholic Church.
3185,What kind of disorders are the result of an overactive immune response?,"Overactive immune responses comprise the other end of immune dysfunction, particularly the autoimmune disorders."
840,When was the Methodist Episcopal Church founded?,"At this time, Methodists had not yet broken away from the Anglican Church and the Methodist Episcopal Church was not founded until 1784."
407,"Along with electric motors, what power sources overtook steam engines in the 20th century?","Steam engines remained the dominant source of power until the early 20th century, when advances in the design of electric motors and internal combustion engines gradually resulted in the replacement of reciprocating (piston) steam engines, with shipping in the 20th-century relying upon the steam turbine."
1292,What is the name of the bridge that joins parts of the campus of the Charles River?,"The Harvard Business School and many of the university's athletics facilities, including Harvard Stadium, are located on a 358-acre (145 ha) campus opposite the Cambridge campus in Allston."
2990,Do adults or juveniles secretions luminesce brighter?,"Juveniles will luminesce more brightly in relation to their body size than adults, whose luminescence is diffused over their bodies."
383,What is the upper range of annual fees for non-boarding students in British public schools?,"Fees range from under £3,000 to £21,000 and above per year for day pupils, rising to £27,000+ per year for boarders."
5042,When was a part of Grainger Town destroyed?,The street curves down from Grey's Monument towards the valley of the River Tyne and was voted England's finest street in 2005 in a survey of BBC Radio 4 listeners.
4636,What was Warner Sinback,"In 1965, at the instigation of Warner Sinback, a data network based on this voice-phone network was designed to connect GE's four computer sales and service centers (Schenectady, Phoenix, Chicago, and Phoenix) to facilitate a computer time-sharing service, apparently the world's first commercial online service."
5303,How can the deposition of compliment kill invader cells directly?,This deposition of complement can also kill cells directly by disrupting their plasma membrane.
5430,What network is Newcastle a member of?,"Newcastle was part of the county of Northumberland until 1400, when it became a county itself, a status it retained until becoming part of Tyne and Wear in 1974.[not in citation given]"
4196,Who was the first chair of the IPCC?,"The previous chairs were Rajendra K. Pachauri, elected in May 2002; Robert Watson in 1997; and Bert Bolin in 1988."
1463,How large are Chloroplast ribosomes?,Chloroplast ribosomes are about two-thirds the size of cytoplasmic ribosomes (around 17 nm vs 25 nm).
1877,What constitutional change was considered?,A constitutional change was considered that would eliminate the position of Prime Minister and simultaneously reduce the powers of the President.
2383,In what year did Harvard Stadium become the first ever concrete reinforced stadium in the country?,"In 1903, Harvard Stadium introduced a new era into football with the first-ever permanent reinforced concrete stadium of its kind in the country."
4218,What do red algal chloroplasts have that green chloroplasts don't?,"Most green chloroplasts are (obviously) green, though some aren't, like some forms of Hæmatococcus pluvialis, due to accessory pigments that override the chlorophylls' green colors."
4792,Where do transport vesicles move between?,Its purpose is thought to be to increase the chloroplast's surface area for cross-membrane transport between its stroma and the cell cytoplasm.
3392,What typically involves mass production of similar items without a designated purchaser?,"Construction differs from manufacturing in that manufacturing typically involves mass production of similar items without a designated purchaser, while construction typically takes place on location for a known client."
382,The price of oil is usually a stable commodity until when?,The substantial price increases of 1973–1974 largely returned their prices and corresponding incomes to Bretton Woods levels in terms of commodities such as gold.
3096,When was Mueller announced and appointed as Deputy Associate Administrator?,"On July 23, 1963, Webb announced Mueller's appointment as Deputy Associate Administrator for Manned Space Flight, to replace then Associate Administrator D. Brainerd Holmes on his retirement effective September 1."
808,What's the nickname for Newcastle's A167?,"Major roads in the area include the A1 (Gateshead Newcastle Western Bypass), stretching north to Edinburgh and south to London; the A19 heading south past Sunderland and Middlesbrough to York and Doncaster; the A69 heading west to Carlisle; the A696, which becomes the A68 heads past Newcastle Airport and up through central Northumberland and central Scottish Borders, the A167, the old ""Great North Road"", heading south to Gateshead, Chester-le-Street, Durham and Darlington; and the A1058 ""Coast Road"", which runs from Jesmond to the east coast between Tynemouth and Cullercoats."
2057,What were the conditions for miners in the gold fields in Victoria?,"Many Chinese miners worked in Victoria, and their legacy is particularly strong in Bendigo and its environs."
1568,What is most of the cleared land in the Amazon region used for?,"New research however, conducted by Leydimere Oliveira et al., has shown that the more rainforest is logged in the Amazon, the less precipitation reaches the area and so the lower the yield per hectare becomes."
3530,What is a lower rate of social goods an effect of?,"For the top 21 industrialised countries, counting each person equally, life expectancy is lower in more unequal countries (r = -.907)."
190,What one point was not agreed on that was dear to Luther?,"Agreement was achieved on fourteen points out of fifteen, the exception being the nature of the Eucharist – the sacrament of the Lord's Supper—an issue crucial to Luther."
2569,How many French colonists were gained by British?,"Britain gained control of French Canada and Acadia, colonies containing approximately 80,000 primarily French-speaking Roman Catholic residents."
1070,Who was Emma's brother?,"This relationship eventually produced closer ties of blood through the marriage of Emma, sister of Duke Richard II of Normandy, and King Ethelred II of England."
5243,What else was used by pharmas?,The pharmas also used many other herbs not listed.
5236,"In an atmospheric engine, what does air pressure push against?",The engine cylinders had to be large because the only usable force acting on them was due to atmospheric pressure.
1975,What does corporal punishment cause a student?,"Most Western countries, and some others, have now banned it, but it remains lawful in the United States following a US Supreme Court decision in 1977 which held that paddling did not violate the US Constitution."
3846,On what did Tesla blame for the loss of the initial money?,Morgan was shocked by the reminder of his part in the stock market crash and by Tesla's breach of contract by asking for more funds.
1507,"Other than the San Jacinto Fault, and the Elsinore Fault, name one other fault.","Many faults are able to produce a magnitude 6.7+ earthquake, such as the San Andreas Fault, which can produce a magnitude 8.0 event."
5190,What is the Victoria state bird?,"The state symbols include the pink heath (state flower), Leadbeater's possum (state animal) and the helmeted honeyeater (state bird)."
5291,How much time was left in the quarter when Stewart got the touchdown?,"Newton completed 4 of 4 passes for 51 yards and rushed twice for 25 yards, while Jonathan Stewart finished the drive with a 1-yard touchdown run, cutting the score to 10–7 with 11:28 left in the second quarter."
4912,How many cameras did EyeVision 360 utilize?,"CBS introduced new features during the telecast, including pylon cameras and microphones along with EyeVision 360—an array of 36 cameras along the upper deck that can be used to provide a 360-degree view of plays and ""bullet time"" effects."
488,how long did Tesla spend redesigning the motor and generators?,Tesla was offered the task of completely redesigning the Edison Company's direct current generators.
3108,What tribes were the Romans fearful would invade from the North?,"The course of the ""Roman Wall"" can be traced eastwards to the Segedunum Roman fort in Wallsend—the ""wall's end""—and to the supply fort Arbeia in South Shields."
1622,When did ABC announce the restructure of ABC radio?,"On October 19, 2005, ABC announced the restructuring of the group into six divisions: Entertainment Communications, Communications Resources, Kids Communications, News Communications, Corporate Communications, and International Communications."
5033,"In the article's title, what did the machine hope to end?","For example, in his article, ""A Machine to End War"", published in 1937, Tesla stated:"
2142,Who is the play-by-play announcer for the game?,Jim Gray will anchor the pre-game and halftime coverage.
8,What was one of Luther's most personal writings?,"It remains in use today, along with Luther's hymns and his translation of the Bible."
3688,Which linebacker had the most sacks on the team?,"Pro Bowl linebacker Von Miller led the team with 11 sacks, forced four fumbles, and recovered three."
2003,What happens if angiosperm shoots don't get enough light?,"If angiosperm shoots are not exposed to the required light for chloroplast formation, proplastids may develop into an etioplast stage before becoming chloroplasts."
3550,"What compounds are released by injured or infected cells, triggering inflammation?",These cytokines and other chemicals recruit immune cells to the site of infection and promote healing of any damaged tissue following the removal of pathogens.
4150,Has there ever been anyone charged with importing drugs from Canada for personal medicinal use?,"In the United States, there has been a push to legalize importation of medications from Canada and other countries, in order to reduce consumer costs."
5373,"When was the paper published that the ""Millennial Northern Hemisphere temperature reconstruction"" graph was based on?","This graph extended the similar graph in Figure 3.20 from the IPCC Second Assessment Report of 1995, and differed from a schematic in the first assessment report that lacked temperature units, but appeared to depict larger global temperature variations over the past 1000 years, and higher temperatures during the Medieval Warm Period than the mid 20th century."
991,In what year did ABC stylize it's logo as abc?,"The American Broadcasting Company (ABC) (stylized in its logo as abc since 1957) is an American commercial broadcast television network that is owned by the Disney–ABC Television Group, a subsidiary of Disney Media Networks division of The Walt Disney Company."
953,What type of studies explored student motivation?,Recent research has found a correlation between teacher enthusiasm and students' intrinsic motivation to learn and vitality in the classroom.
180,What is the least number of members a board of trustees can have?,The church conference is an annual meeting of all the officers of the church and any interested members.
2313,When did Luther write an extreme treatise against the Jews?,His 1543 treatise Von den Juden und
5044,What is the process in which neutrophils move towards the site of inflammation called?,"Macrophages also act as scavengers, ridding the body of worn-out cells and other debris, and as antigen-presenting cells that activate the adaptive immune system."
2681,What did the Rhine branch off to form in Austria?,"The delta is delimited in the West by the Alter Rhein (""Old Rhine"") and in the East by a modern canalized section."
1086,What is set aside for question periods in the debating chamber?,Parliamentary time is also set aside for question periods in the debating chamber.
344,Why did the exiled Polish government in London order the underground Home Army to seize control of Warsaw prior to the arrival of the Red Army?,"Knowing that Stalin was hostile to the idea of an independent Poland,"
4054,What had the Yuan used to print its money before bronze plates?,"One of the more notable applications of printing technology was the chao, the paper money of the Yuan."
3509,Who received the pass that was ruled incomplete and confirmed after a challenge?,CBS analyst and retired referee Mike Carey stated he disagreed with the call and felt the review clearly showed the pass was complete.
4808,What is a descriptive term for a low-to-high energy bond?,"The bond can be variously described based on level of theory, but is reasonably and simply described as a covalent double bond that results from the filling of molecular orbitals formed from the atomic orbitals of the individual oxygen atoms, the filling of which results in a bond order of two."
4763,What did Dalton think the atomic ratios were between atoms in compounds?,John Dalton's original atomic hypothesis assumed that all elements were monatomic and that the atoms in compounds would normally have the simplest atomic ratios with respect to one another.
27,How many square kilometers is the Amazon Basin?,"Forêt amazonienne; Dutch: Amazoneregenwoud), also known in English as Amazonia or the Amazon Jungle, is a moist broadleaf forest that covers most of the Amazon basin of South America."
4516,What does the word prime generally suggest?,"Often a second, additional meaning is intended by using the word prime, namely that any object can be, essentially uniquely, decomposed into its prime components."
1640,What type of process was involved the the depletion of the Sun's oxygen 16?,Analysis of a silicon wafer exposed to the solar wind in space and returned by the crashed Genesis spacecraft has shown that the Sun has a higher proportion of oxygen-16 than does the Earth.
1423,Where did Harold II die?,"In 1066, Duke William II of Normandy conquered England killing King Harold II at the Battle of Hastings."
3510,Going to jail accomplished what goal of civil disobedience?,"Howard Zinn writes, ""There may be many times when protesters choose to go to jail, as a way of continuing their protest, as a way of reminding their countrymen of injustice."
221,Who warned of the potential impact?,"The governments of the United States, Britain, Germany and France also collectively issued a press statement cautioning about the law's potential impact."
2937,The success of pathogens is predicated on their ability to do what?,"Therefore, pathogens evolved several methods that allow them to successfully infect a host, while evading detection or destruction by the immune system."
1280,When was BSkyB's digital service launched?,"now called Sky Active, BSkyB competed with the ONdigital (later ITV Digital) terrestrial offering and cable services."
4378,"Compared to Smeaton's improvement on Newcomen's engine, how much coal did Watt's engine use?","The next major step occurred when James Watt developed (1763–1775) an improved version of Newcomen's engine, with a separate condenser."
3450,How much of Australia's milk is produced in Victoria?,"It is home to 60% of Australia's 3 million dairy cattle and produces nearly two-thirds of the nation's milk, almost 6.4 billion litres."
5211,When was 7 Lincoln Square completed?,"The company first constructed a new 10-story building on land previously occupied by an abandoned warehouse on the corner of Columbus Avenue and West 66th Street; the facility that was built in its place is nicknamed ""7 Lincoln Square"" (although it is actually located at 149 Columbus Avenue)."
798,How many photosynthetic carotenoids are there?,There are about thirty photosynthetic carotenoids.
3395,What is the KNLS responsible for?,"A public library is seen as a peoples university since it is open to all irrespective of age, literacy level and has materials relevant to people of all walks of life."
5129,Different committees have what set out in different ways?,There are different committees with their functions set out in different ways.
5320,What time do they normally have tea?,"Kenyans generally have three meals in a day – breakfast in the morning (kiamsha kinywa), lunch in the afternoon (chakula cha mchana) and supper in the evening (chakula cha jioni or known simply as ""chajio"")."
1684,Where does the Amazon region rate among the entire earth for its amount of biodiversity?,"To date, an estimated 438,000 species of plants of economic and social interest have been registered in the region with many more remaining to be discovered or catalogued."
2783,What year was North America's first printing press started?,"It was initially called ""New College"" or ""the college at New Towne""."
2180,How do both chloroplast membranes compare to cyanobacterium's original double membranes?,This is often interpreted as meaning the outer chloroplast membrane is the product of the host's cell membrane infolding to form a vesicle to surround the ancestral cyanobacterium—which is not true—both chloroplast membranes are homologous to the cyanobacterium's original double membranes.
2072,What was given as the cause of death?,Assistant medical examiner H.W. Wembly examined the body and ruled that the cause of death had been coronary thrombosis.
4554,What skin-related symptom appears from the pneumonic plague?,"In cases of pneumonic and particularly septicemic plague, the progress of the disease is so rapid that there would often be no time for the development of the enlarged lymph nodes that were noted as buboes."
3976,Who thought that applied force caused movement of an object regardless of non-zero velocity?,Aristotle misinterpreted this motion as being caused by the applied force.
3621,What was Konstantin Mereschkowski's career?,"Mitochondria are thought to have come from a similar event, where an aerobic prokaryote was engulfed."
281,What year was the only film version of Doctor Who shown?,"This is similar to the 1988 continuation of Mission Impossible, but differs from most other series relaunches which have either been reboots (for example, Battlestar Galactica and Bionic Woman[citation needed]) or set in the same universe as the original but in a different time period and with different characters (for example, Star Trek:"
2433,How do chloroplasts reproduce?,"Chloroplasts are highly dynamic—they circulate and are moved around within plant cells, and occasionally pinch in two to reproduce."
2524,What was Ban Ki-Moon the Secretary General of?,"In the words of the Secretary General of the United Nations Ban Ki-Moon: ""While economic growth is necessary, it is not sufficient for progress on reducing poverty."""
2618,Who founded the UMC?,"As such, the church's theological orientation is decidedly Wesleyan."
833,What program did Red Cross put together in 2011?,This was last seen in August and September 2011 prompting the Kenyans for Kenya initiative by the Red Cross.
4539,What is the largest stadium in Australia?,"The Melbourne Cricket Ground is the largest stadium in Australia, and the host of the 1956 Summer Olympics and the 2006 Commonwealth Games."
3597,What do etioplasts have instead of chlorophyll?,"While etioplasts lack chlorophyll, they have a yellow chlorophyll precursor stocked."
4774,What was the Harvard endowment total in 2011?,Harvard has the largest university endowment in the world.
4246,"During the Bronco's playoff games, who did not throw at all?","Despite Manning's problems with interceptions during the season, he didn't throw any in their two playoff games."
1378,What does Salafism in its harshest form encourage its followers to view the religion of others with?,"In its harshest form it preached that Muslims should not only ""always oppose"" infidels ""in every way,"" but ""hate them for their religion ... for Allah's sake,"" that democracy ""is responsible for all the horrible wars of the 20th century,"" that Shia and other non-Wahhabi Muslims were infidels, etc."
571,What did Luther believe that the soul does after death?,"In contrast to the views of John Calvin and Philipp Melanchthon, throughout his life Luther maintained that it was not false doctrine to believe that a Christian's soul sleeps after it is separated from the body in death; and, accordingly, he disputed traditional interpretations of some Bible passages, such as the parable of the rich man and Lazarus."
4360,What was the percentage of Germans attending private high schools in 2008?,"The right to create private schools in Germany is in Article 7, Paragraph 4 of the Grundgesetz and cannot be suspended even in a state of emergency."
4563,What is the common term for the loss of key members of French society to Huguenot emigration?,"The French crown's refusal to allow non-Catholics to settle in New France may help to explain that colony's slow rate of population growth compared to that of the neighbouring British colonies, which opened settlement to religious dissenters."
573,What is the hymn known as in English?,"This behavior started with his learning of the execution of Johann Esch and Heinrich Voes, the first individuals to be martyred by the Roman Catholic Church for Lutheran views, prompting Luther to write the hymn """
3390,How many of the schools in Newcastle are independent?,There are eleven LEA-funded 11 to 18 schools and seven independent schools with sixth forms in Newcastle.
2079,How many solo tackles did Von Miller make at Super Bowl 50?,"Denver linebacker Von Miller was named Super Bowl MVP, recording five solo tackles, 2½ sacks, and two forced fumbles."
589,How much oxygen is found is a liter of fresh water under normal conditions?,Oxygen is more soluble in water than nitrogen is.
3443,Photosynthesis uses which energy to for oxygen from water?,"Another form (allotrope) of oxygen, ozone (O_3), strongly absorbs UVB radiation and consequently the high-altitude ozone layer helps protect the biosphere from ultraviolet radiation, but is a pollutant near the surface where it is a by-product of smog."
4200,"After cancelling the show, what did the BBC tell the public?","Falling viewing numbers, a decline in the public perception of the show and a less-prominent transmission slot saw production suspended in 1989 by Jonathan Powell, controller of BBC 1."
2271,How may yards did Peyton Manning throw?,"Running back C. J. Anderson was the team's leading rusher 863 yards and seven touchdowns, while also catching 25 passes for 183 yards."
4784,In what century did missionaries notably establish church schools in South Africa?,"After the abolition of apartheid, the laws governing private education in South Africa changed significantly."
603,A strike by what entity resulted in a halt to production for network programs in the 2007-2008 season?,"The program would become a minor success for the network during its initial six-episode run, which led ABC to renew Duel as a regular series starting in April 2008."
4517,At what rank does GPS per capita set Victoria?,"The ground is also considered the ""spiritual home"" of Australian cricket and Australian rules football, and hosts the grand final of the Australian Football League (AFL) each year, usually drawing crowds of over 95,000 people."
693,How many points did the Broncos score in the final three minutes of the Pittsburgh game?,"The Broncos defeated the Pittsburgh Steelers in the divisional round, 23–16, by scoring 11 points in the final three minutes of the game."
4791,What car is licensed by the FSO Car Factory and built in Egypt?,"In 2005 the factory was sold to AvtoZAZ, a Ukrainian car manufacturer which assembled there the Chevrolet Aveo."
1670,What provided much of the basis for the structure of the Parliament in 1995?,"Publishing its blueprint for devolution in 1995, the Convention provided much of the basis for the structure of the Parliament."
1041,The Skylab had what type of equipment onboard that was supposed to be used in a different mission?,"It was equipped with an Apollo Telescope Mount, the solar telescope that would have been used on the Apollo Telescope Missions."
1151,What term did he use for what he believed would be humanity's future rulers?,"In 1926, Tesla commented on the ills of the social subservience of women and the struggle of women toward gender equality, and indicated that humanity's future would be run by ""Queen Bees."""
5140,Which of Genghis Khan's mentors practiced Christianity?,"The Mongol Empire practiced religious tolerance because Mongol tradition had long held that religion was a personal concept, and not subject to law or interference.[citation needed]"
4143,When did the term imperialism first come to be used by its current definition?,"The term ""Imperialism"" was originally introduced into English in its present sense in the late 1870s by opponents of the allegedly aggressive and ostentatious imperial policies of British prime Minister Benjamin Disraeli."
2060,A replica of what landmark was present at Super Bowl Opening Night?,"The game's media day, which was typically held on the Tuesday afternoon prior to the game, was moved to the Monday evening and re-branded as Super Bowl Opening Night."
4064,What was the name of the storm that hit Jacksonville in May of 2012?,"On May 28, 2012, Jacksonville was hit by Tropical Storm Beryl, packing winds up to 70 miles per hour (113 km/h) which made landfall near Jacksonville Beach."
1431,Who constructed Newcastle's station?,"It has a neoclassical façade, originally designed by the architect John Dobson, and was constructed in collaboration with Robert Stephenson."
875,How long after a banquet with Tugh Temur did Kusala die?,"However, he was mainly a puppet of the powerful official El Temür during his latter three-year reign."
2200,What type of issues are members typically allowed to vote as they please?,"MSPs do not tend to vote against such instructions, since those who do are unlikely to reach higher political ranks in their parties."
5161,What was the final score of Super Bowl 50?,"As this was the 50th Super Bowl, the league emphasized the ""golden anniversary"" with various gold-themed initiatives, as well as temporarily suspending the tradition of naming each Super Bowl game with Roman numerals (under which the game would have been known as ""Super Bowl L""), so that the logo could prominently feature the Arabic numerals 50."
1161,Kurt H. Debus was appointed what position for the Launch Operations Center?,Debus was named the LOC's first Director.
2077,What was NewcastleGateshead voted in 2006?,"It has hosted a season of performances from the Royal Shakespeare Company for over 25 years, as well as touring productions of West End musicals."
2851,What are one of the key cell types of the adaptive immune system?,"They are named for their resemblance to neuronal dendrites, as both have many spine-like projections, but dendritic cells are in no way connected to the nervous system."
3099,How much did the population of Victoria increase in ten years after the discovery of gold?,"In ten years the population of Victoria increased sevenfold from 76,000 to 540,000."
4171,Which Pope sought to undermine Luther's theories?,"Pope Leo X was used to reformers and heretics, and he responded slowly, ""with great care as is proper."""
2840,Where do Ctenophora live?,"Ctenophora (/tᵻˈnɒfərə/; singular ctenophore, /ˈtɛnəfɔːr/ or /ˈtiːnəfɔːr/; from the Greek κτείς kteis 'comb' and φέρω pherō 'carry'; commonly known as comb jellies) is a phylum of animals that live in marine waters worldwide."
1356,When did Mongke Khan die?,Kublai convened a kurultai in Kaiping that elected him Great Khan.
2567,When was Richard Grainger actively building and developing?,"Established on classical streets built by Richard Grainger, a builder and developer, between 1835 and 1842, some of Newcastle upon Tyne's finest buildings and streets lie within this area of the city centre including Grainger Market, Theatre Royal, Grey Street, Grainger Street and Clayton Street."
109,What is the first major city in the course of the Rhine?,"In the centre of Basel, the first major city in the course of the stream, is located the ""Rhine knee""; this is a major bend, where the overall direction of the Rhine changes from West to North."
432,What does the Rhine merge with outside of Germany?,"From here, the situation becomes more complicated, as the Dutch name Rijn no longer coincides with the main flow of water."
3241,"When did delegates to the World Methodist Council vote to adopt the joint Declaration on the Doctrine of Justification?""","On July 18, 2006, delegates to the World Methodist Council voted unanimously to adopt the ""Joint Declaration on the Doctrine of Justification"", which was approved in 1999 by the Vatican and the Lutheran World Federation."
3904,When was Levi's Stadium picked for Super bowl 50?,"It is the first Super Bowl held in the San Francisco Bay Area since Super Bowl XIX in 1985, and the first in California since Super Bowl XXXVII took place in San Diego in 2003."
3265,A mermaid stopped to rest on the sandy beach by what village?,"She stopped to rest on a sandy beach by the village of Warszowa, where fishermen came to admire her beauty and listen to her beautiful voice."
2822,What was Martin Parry's role in the IPCC?,"Former IPCC chairman Robert Watson has said ""The mistakes all appear to have gone in the direction of making it seem like climate change is more serious by overstating the impact."
2703,Which of Tesla's inventions was used in radio development?,Many devices such as the Tesla Coil were used in the further development of radio.
974,How much of Poland's national income does Warsaw produce?,"Warsaw, especially its city centre (Śródmieście), is home not only to many national institutions and government agencies, but also to many domestic and international companies."
3572,"What is ""The Gate""?","In recent years ""The Gate"" has opened in the city centre, a new indoor complex consisting of bars, upmarket clubs, restaurants and a 12-screen Empire multiplex cinema."
173,How many hundred of years was Scotland directly governed by the parliament of Great Britain?,"For the next three hundred years, Scotland was directly governed by the Parliament of Great Britain and the subsequent Parliament of the United Kingdom, both seated at Westminster, and the lack of a Parliament of Scotland remained an important element in Scottish national identity."
606,What is tertiary endosymbiosis of haptophyte chloroplasts expected to create?,"Because the haptophyte chloroplast has four membranes, tertiary endosymbiosis would be expected to create a six membraned chloroplast, adding the haptophyte's cell membrane and the dinophyte's phagosomal vacuole."
3485,How many academic research divisions does the University of Chicago have?,"Beyond the arts and sciences, Chicago is also well known for its professional schools, which include the Pritzker School of Medicine, the University of Chicago Booth School of Business, the Law School, the School of Social Service Administration, the Harris School of Public Policy Studies, the Graham School of Continuing Liberal and Professional Studies and the Divinity School."
2797,Who decided not to come visit the country in 2013?,"With International Criminal Court trial dates in 2013 for both President Kenyatta and Deputy President William Ruto related to the 2007 election aftermath, US President Barack Obama chose not to visit the country during his mid-2013 African trip."
4890,What are examples of the various religions of Mongol tribes?,"The Mongol Empire practiced religious tolerance because Mongol tradition had long held that religion was a personal concept, and not subject to law or interference.[citation needed]"
2759,How do ctenophores control buoyancy?,"If they enter less dense brackish water, the ciliary rosettes in the body cavity may pump this into the mesoglea to increase its bulk and decrease its density, to avoid sinking."
534,What is tertiary education?,"Generally, education in Australia follows the three-tier model which includes primary education (primary schools), followed by secondary education (secondary schools/high schools) and tertiary education (universities and/or TAFE colleges)."
936,How much heavier is oxygen 18 than oxygen 16?,Paleoclimatologists measure the ratio of oxygen-18 and oxygen-16 in the shells and skeletons of marine organisms to determine what the climate was like millions of years ago (see oxygen isotope ratio cycle).
3729,What did Tesla work on in 1888?,"Between them, they settled on a 60-cycle AC current system Tesla proposed (to match the working frequency of Tesla's motor), although they soon found that, since Tesla's induction motor could only run at a constant speed, it would not work for street cars."
2592,What animals may have been stampeded over Genghis Khan's grave site?,"Other tales state that his grave was stampeded over by many horses, and that trees were then planted over the site, and the permafrost also did its part in hiding the burial site."
4457,Who owns more wealth than the bottom 90 percent of people in the U.S.?,"According to the New York Times on July 22, 2014, the ""richest 1 percent in the United States now own more wealth than the bottom 90 percent""."
5048,What color was the background for ABC's 1977 ID sequence?,"Among the ""ABC Circle"" logo's many variants was a 1977 ID sequence that featured a bubble on a black background representing the circle with glossy gold letters, and as such, was the first ABC identification card to have a three-dimensional appearance."
1636,What was the name of the first Doctor Who story released as an LP?,Doctor Who and the Pescatons featuring the Fourth Doctor.
528,What was Sadat seeking by releasing Islamists from prison?,Egyptian President Anwar Sadat – whose policies included opening Egypt to Western investment (infitah); transferring Egypt's allegiance from the Soviet Union to the United States; and making peace with Israel – released Islamists from prison and welcomed home exiles in tacit exchange for political support in his struggle against leftists.
4206,Why did Luther condemn vows of celibacy?,"He had long condemned vows of celibacy on Biblical grounds, but his decision to marry surprised many, not least Melanchthon, who called it reckless."
4823,What does each packet includ in connectionless mode,In connectionless mode each packet includes complete addressing information.
4663,What is the last name of the player who was Manning's top receiver for Super Bowl 50?,Sanders was his top receiver with six receptions for 83 yards.
3989,"What ""dynamic theory"" did Tesla say he finished in 1937?","He stated that the theory was ""worked out in all details"" and that he hoped to soon give it to the world."
3007,In what year did one individual suggest classifying the trees of the Amazon into four categories?,"To accurately map the Amazon's biomass and subsequent carbon related emissions, the classification of tree growth stages within different parts of the forest is crucial."
3661,What is the weight of a bushel of coal in pounds?,Duty is the number of foot-pounds of work delivered by burning one bushel (94 pounds) of coal.
5175,How many touchdowns did Manning have at the end of the game?,"McManus made all four of his field goals, making him perfect on all 11 attempts during the post-season."
4577,Which Italian that is credited with the creating the Baroque style of sculpture is represented in the V&A's British galleries?,"Designers and artists whose work is on display in the galleries include Gian Lorenzo Bernini, Grinling Gibbons, Daniel Marot, Louis Laguerre, Antonio Verrio, Sir James Thornhill, William Kent, Robert Adam, Josiah Wedgwood, Matthew Boulton, Canova, Thomas Chippendale, Pugin, William Morris."
5415,At what point in Luther's sermons did Schurf write to the elector?,"After the sixth sermon, the Wittenberg jurist Jerome Schurf wrote to the elector: ""Oh, what joy has Dr. Martin's return spread among us!"
1178,What cycle starts with rubisco?,The Calvin cycle starts by using the enzyme Rubisco to fix CO2 into five-carbon Ribulose bisphosphate (RuBP) molecules.
4980,Where was New Year's Rockin' Eve hosted?,"Since 1974, ABC has generally aired Dick Clark's New Year's Rockin' Eve on New Year's Eve (hosted first by its creator Dick Clark, and later by his successor Ryan Seacrest); the only exception was in 1999, when ABC put it on a one-year hiatus to provide coverage of the international millennium festivities, though Clark's traditional countdown from Times Square was still featured within the coverage."
1761,When was the last Super Bowl in California?,"It is the first Super Bowl held in the San Francisco Bay Area since Super Bowl XIX in 1985, and the first in California since Super Bowl XXXVII took place in San Diego in 2003."
960,How many Panthers players were selected to the Pro Bowl?,Ten players were selected to the Pro Bowl (the most in franchise history) along with eight All-Pro selections.
2744,"In South Africa, along with privately governed schools, what schools are classified as independent?",Some of the oldest schools in South Africa are private church schools that were established by missionaries in the early nineteenth century.
2444,In what constituent country of the United Kingdom is Merthyr Tydfil located?,Trevithick visited the Newcastle area later in 1804 and the colliery railways in north-east England became the leading centre for experimentation and development of steam locomotives.
2763,What formation has an asymmetrical pattern of different terraces?,Warsaw is located on two main geomorphologic formations: the plain moraine plateau and the Vistula Valley with its asymmetrical pattern of different terraces.
37,When did the last glacial start?,The last phase slightly predates the global last ice age maximum (Last Glacial Maximum).
679,Whose occupation of Kuwait did the US military personal seek to put an end to?,Prior to 1990 Saudi Arabia played an important role in restraining the many Islamist groups that received its aid.
498,In which case did the Court of Justice hold that requiring Italian lawyers to comply with maximum tariffs unless there was an agreement with a client was not a restriction?,By contrast in Commission v Italy the Court of Justice held that a requirement for lawyers in Italy to comply with maximum tariffs unless there was an agreement with a client was not a restriction.
3604,What is another piece created by Olivier Messiaen?,"In works such as La Nativité du Seigneur (1935) and Quatre études de rythme (1949–50), he simultaneously employs motifs with lengths given by different prime numbers to create unpredictable rhythms: the primes 41, 43, 47 and 53 appear in the third étude, ""Neumes rythmiques""."
2361,When did Tesla move to New York City?,"In June 1884, he relocated to New York City:57–60 where he was hired by Thomas Edison to work at his Edison Machine Works on Manhattan's lower east side."
1921,What were the papal legate's orders from the Pope?,"There, in October 1518, under questioning by papal legate Cardinal Cajetan Luther stated that he did not consider the papacy part of the biblical Church because historistical interpretation of Bible prophecy concluded that the papacy was the Antichrist."
1540,When was vetting introduced?,From 2006 Garda vetting has been introduced for new entrants to the teaching profession.
1964,To what did Tesla attribute the unknown signals his radio received?,"During his time at his lab, Tesla observed unusual signals from his receiver which he concluded may be communications from another planet."
4371,How many ministries of the Scottish government does a committee typically correspond to?,Typically each committee corresponds with one (or more) of the departments (or ministries) of the Scottish Government.
3911,What conviction did many Poles have regarding how the Varsovians thought of themselves?,Unfortunately this belief still lives on in Poland (although not as much as it used to be)
3008,What did Tesla work as after dropping out?,"Tesla went to Maribor (now in Slovenia), where he worked as a draftsman for 60 florins a month."
4603,When was the congregation at St. George's founded?,"The congregation was founded in 1767, meeting initially in a sail loft on Dock Street, and in 1769 it purchased the shell of a building which had been erected in 1763 by a German Reformed congregation."
4263,What is the enrollment of undergraduates at Harvard?,"The color was unofficially adopted (in preference to magenta) by an 1875 vote of the student body, although the association with some form of red can be traced back to 1858, when Charles William Eliot, a young graduate student who would later become Harvard's 21st and longest-serving president (1869–1909), bought red bandanas for his crew so they could more easily be distinguished by spectators at a regatta."
556,How many hymns did Luther contribute to the Erfurt Enchiridion?,"He supplied four of eight songs of the First Lutheran hymnal Achtliederbuch, 18 of 26 songs of the Erfurt Enchiridion, and 24 of the 32 songs in the first choral hymnal with settings by Johann Walter, Eyn geystlich"
2124,"Where were Schirra, Eisele and Cunningham relocated to after different astronauts were selected for the AS-258 mission?","McDivitt, Scott and Schweickart were promoted to the prime AS-258 crew, and Schirra, Eisele and Cunningham were reassigned as the Apollo 1 backup crew."
5284,Where in Las Vegas did a famous protest take place?,"They were put on a bus and taken to the Nye County seat of Tonopah, Nevada, and arraigned for trial before the local Justice of the Peace, that afternoon."
3946,What is the youngest student a teacher might have?,"The objective is typically a course of study, lesson plan, or a practical skill."
206,How much does it cost to gain entry to a parliament meeting?,"Proceedings are also recorded in text form, in print and online, in the Official Report, which is the substantially verbatim transcript of parliamentary debates."
4386,What country does the Moselle take the Rhine to?,Most of Luxembourg and a very small part of Belgium also drain to the Rhine via the Moselle.
1945,Why was the 36 acres leased?,"One of the most high profile decisions in recent years by one of the councils was a decision by the Mission Council of the South Central Jurisdiction which in March 2007 approved a 99-year lease of 36 acres (150,000 m2) at Southern Methodist University for the George W. Bush Presidential Library."
4125,"Disney paid for The Jungle Book, Alice Through the Looking Glass, and which other film trailer to be aired during the game?","20th Century Fox, Lionsgate, Paramount Pictures, Universal Studios and Walt Disney Studios paid for movie trailers to be aired during the Super Bowl."
3523,What year was the conflict with the Song dynasty concluded?,The empire's expansion continued for a generation or more after Genghis's death in 1227.
3714,What series was created by former Doctor Who producer Russell T. Davies?,In the Channel 4 series Queer as Folk (created by later Doctor
4300,What happened to the ground water in the Rhine during the Rhine straightening program?,The Upper Rhine region was changed significantly by a Rhine straightening program in the 19th Century.
2223,What does Yeke Mongghul Ulus mean?,"zai Qián Yuán / ""Great is Qián, the Primal"") in the Commentaries on the Classic of Changes (I Ching) section regarding Qián (乾)."
1145,What was the estimated population of Pons Aelius around the 2nd century?,"The population of Pons Aelius at this period was estimated at 2,000."
1970,"In 1992, what percentage of East German students attended private schools?","Overall, between 1992 and 2008 the percent of pupils in such schools in Germany increased from 6.1% to 7.8% (including rise from 0.5% to 6.1% in the former GDR)."
3668,How many soldiers did Genghis Khan take with him to Khwarezmia?,Genghis Khan then sent again a second group of three ambassadors (two Mongols and a Muslim) to meet the Shah himself instead of the governor Inalchuq.
2419,"Where can the complexity classes RP, BPP, PP, BQP, MA, and PH be located?","If P is not equal to NP, then P is not equal to PSPACE either."
1349,When was this edict declared?,"They retained the religious provisions of the Edict of Nantes until the rule of Louis XIV, who progressively increased persecution of them until he issued the Edict of Fontainebleau (1685), which abolished all legal recognition of Protestantism in France, and forced the Huguenots to convert."
4367,When did Tesla give a demonstration of his remote control boat?,"Tesla tried to sell his idea to the U.S. military as a type of radio-controlled torpedo, but they showed little interest."
4087,Who sequenced the first plastome?,"Its existence was first proved in 1962, and first sequenced in 1986—when two Japanese research teams sequenced the chloroplast DNA of liverwort and tobacco."
4858,How does most plants' cpDNA replicate?,"It has been established that some plants have linear cpDNA, such as maize, and that more species still contain complex structures that scientists do not yet understand."
1208,in 1932 what was the Rhine measurement changed to?,"After this number was placed into the authoritative Brockhaus Enzyklopädie, it became generally accepted and found its way into numerous textbooks and official publications."
4759,Which part of China had people ranked higher in the class system?,"The reason for the order of the classes and the reason why people were placed in a certain class was the date they surrendered to the Mongols, and had nothing to do with their ethnicity."
4971,Who presented the mac to the Scottish Parliament when it was initially opened?,"Presented to the Scottish Parliament by the Queen upon its official opening in July 1999, the mace is displayed in a glass case suspended from the lid."
4414,What was the first point of the Reformation?,His railing against the sale of indulgences was based on it.
3917,What year was the decision made to cancel Apollo missions 18 and 19?,"By 1971, the decision was made to also cancel missions 18 and 19."
3516,To which year is the Becket Casket dated?,"One of the rarest items in the collection is the 58 cm high Gloucester Candlestick, dated to c1110, made from gilt bronze; with highly elaborate and intricate intertwining branches containing small figures and inscriptions, it is a tour de force of bronze casting."
4270,The modern trend in design is toward integration of what?,"This is designated as a ""design build"" contract where the contractor is given a performance specification and must undertake the project from design to construction, while adhering to the performance specifications."
455,What Japanese network did ABC purchase a stake in in 1951?,"Goldenson tried international investing, having ABC invest in the Latin American market, acquiring a 51% interest in a network covering Central America."
4157,What was the final score of the game between the Panthers and the Seahawks?,"The Panthers then blew out the Arizona Cardinals in the NFC Championship Game, 49–15, racking up 487 yards and forcing seven turnovers."
4744,What factors negatively impacted Jacksonville following the war?,"During the American Civil War, Jacksonville was a key supply point for hogs and cattle being shipped from Florida to aid the Confederate cause."
3251,What is the NASUWT?,A growing cause of concern are that attacks on teachers in Welsh schools which reached an all-time high between 2005 and 2010.
654,"Along with public schools, what type of school was recognized under the South African Schools Act?",Some of the oldest schools in South Africa are private church schools that were established by missionaries in the early nineteenth century.
3208,The Asante and Lunda Empires were in which region?,"Imperialism was a basic component to the conquests of Genghis Khan during the Mongol Empire, and of other war-lords."
492,What is another term for x-ray imaging?,"In March 1896, after hearing of Wilhelm Röntgen's discovery of X-ray and X-ray imaging (radiography), Tesla proceeded to do his own experiments in X-ray imaging, developing a high energy single terminal vacuum tube of his own design that had no target electrode and that worked from the output of the Tesla Coil (the modern term for the phenomenon produced by this device is bremsstrahlung or braking radiation)."
2887,Where is St Aloysius' College located?,Many of the 'grammar schools' also fall in this category.
3915,What event was the worst example of Huguenot persecution?,"The height of this persecution was the St. Bartholomew's Day massacre when 5,000 to 30,000 were killed, although there were also underlying political reasons for this as well, as some of the Huguenots were nobles trying to establish separate centers of power in southern France."
3449,WHat does UserDatagram Protocol gaurentee,"In the virtual call system, the network guarantees sequenced delivery of data to the host."
2401,What is composed of the Area Provost/Dean ad the several District Superintendents of the Districts in the Annual Conference?,"All clergy appointments are made and fixed annually by the resident bishop on the advice of the Annual Conference Cabinet, which is composed of the Area Provost/Dean (if one is appointed) and the several District Superintendents of the Districts of the Annual Conference."
247,What exchange in Warsaw is one of the most important for Central and Eastern Europe?,The Warsaw Stock Exchange is one of the largest and most important in Central and Eastern Europe.
3217,What stadium did Super Bowl 50 take place in?,"As this was the 50th Super Bowl, the league emphasized the ""golden anniversary"" with various gold-themed initiatives, as well as temporarily suspending the tradition of naming each Super Bowl game with Roman numerals (under which the game would have been known as ""Super Bowl L""), so that the logo could prominently feature the Arabic numerals 50."
3503,"What ""war"" was Tesla involved in?",Tesla gained experience in telephony and electrical engineering before emigrating to the United States in 1884 to work for Thomas Edison in New York City.
651,In what year did John and Charles Wesley come to America to teach the gospel?,John Wesley returned to England and met with a group of clergy he respected.
3986,What type of space in Warsaw are the Botanic Garden and University Library garden?,"They have extensive botanical collection of rare domestic and foreign plants, while a palm house in the New Orangery displays plants of subtropics from all over the world."
1697,What is the Rankine cycle sometimes called?,In this cycle a pump is used to pressurize the working fluid which is received from the condenser as a liquid not as a gas.
4271,What president eliminated the Christian position in the curriculum?,"Charles W. Eliot, president 1869–1909, eliminated the favored position of Christianity from the curriculum while opening it to student self-direction."
3908,Where did Tesla begin a new job at in 1882?,"In 1882, Tesla began working for the Continental Edison Company in France, designing and making improvements to electrical equipment."
2861,Who is usually working together?,"Once these have been hired, they begin building the first phase of the project."
2633,How would one describe the summers in Fresno?,"Fresno is marked by a semi-arid climate (Köppen BSh), with mild, moist winters and hot and dry summers, thus displaying Mediterranean characteristics."
2129,How did Luther describe the University of Erfurt?,"In 1501, at the age of 19, he entered the University of Erfurt, which he later described as a beerhouse and whorehouse."
2427,In what year did developers Billings & Meyering acquire the Alta Vista Tract?,"The Alta Vista Tract, as the land would become known, was mapped by William Stranahan for the Pacific Improvement Corporation, and was officially platted in 1911."
5447,The UMC believes that Jesus repudiated the les talionis in what BIble verses?,The United Methodist Church also believes that Jesus explicitly repudiated the lex talionis in Matthew 5:38-39 and abolished the death penalty in John 8:7.
354,Where did Apollo 1's crew conduct tests at Kennedy Space Center?,"They trained and conducted tests of their spacecraft at North American, and in the altitude chamber at the Kennedy Space Center."
3269,Deacons serve a term of how many years as provisional deacons?,"Deacons assist elders in the sacraments of Holy Communion and Baptism, and may be granted sacramental authority if they are appointed as the pastor in a local church."
567,On what river does Warsaw stand?,"It stands on the Vistula River in east-central Poland, roughly 260 kilometres (160 mi) from the Baltic Sea and 300 kilometres (190 mi) from the Carpathian Mountains."
2026,How many receptors on a helper T cell must be bound to a MHC:antigen complex in order for the cell to be activated?,"Helper T cells have a weaker association with the MHC:antigen complex than observed for killer T cells, meaning many receptors (around 200–300) on the helper T cell must be bound by an MHC:antigen in order to activate the helper cell, while killer T cells can be activated by engagement of a single MHC:antigen molecule."
300,What has Islamism been increasingly interdependent with following the Arab Spring?,"Olivier Roy argues that ""Sunni pan-Islamism underwent a remarkable shift in the second half of the 20th century"" when the Muslim Brotherhood movement and its focus on Islamisation of pan-Arabism was eclipsed by the Salafi movement with its emphasis on ""sharia rather than the building of Islamic institutions,"" and rejection of Shia Islam."
1854,"Compared to Smeaton's improvement on Newcomen's engine, how much coal did Watt's engine use?",Boulton and Watt's early engines used half as much coal as John Smeaton's improved version of Newcomen's.
2243,Which French composer wrote ametrical music using prime numbers?,"The French composer Olivier Messiaen used prime numbers to create ametrical music through ""natural phenomena""."
3275,How did the project encourage the commercialisation of legumes?,"The commercialisation of the pigeon pea is now enabling some farmers to buy assets, ranging from mobile phones to productive land and livestock, and is opening pathways for them to move out of poverty."
2307,How many Catholic schools were in Victoria?,"Just under 540,800 students were enrolled in public schools, and just over 311,800 in private schools."
820,How did Genghis Khan observed the surrender terms after Samarkand fell?,"After the fortress fell, Genghis supposedly reneged on his surrender terms and executed every soldier that had taken arms against him at Samarkand."
3751,What would a community member need to teach informally?,"Informal learning may be assisted by a teacher occupying a transient or ongoing role, such as a family member, or by anyone with knowledge or skills in the wider community setting."
2817,What is the name of the village that once existed in what is now downtown Jacksonville?,"At the time of contact with Europeans, all Mocama villages in present-day Jacksonville were part of the powerful chiefdom known as the Saturiwa, centered around the mouth of the St. Johns River."
4827,What did the development of this fertile soil provide in hostile environment?,"The development of this fertile soil allowed agriculture and silviculture in the previously hostile environment; meaning that large portions of the Amazon rainforest are probably the result of centuries of human management, rather than naturally occurring as has previously been supposed."
1503,What group started peace meetings?,"Since the election riots, the government and civil society organisations started programmes to avoid similar disasters in the future, said Agnes R. M. Aboum – executive director of TAABCO Research and Development Consultants in Nairobi – in the magazine D+C Development and Cooperation."
1004,What did the network install in 1999,The Very high-speed Backbone Network Service (vBNS) came on line in April 1995 as part of a National Science Foundation (NSF) sponsored project to provide high-speed interconnection between NSF-sponsored supercomputing centers and select access points in the United States.
4623,What type of bat that lives in the Amazon rainforest can spread rabies?,The rainforest contains several species that can pose a hazard.
3723,What is the name of the desert near the border of Nevada?,To the south is the Mexico–United States border.
3757,Who were the Westwood One sideline announcers?,"Westwood One will carry the game throughout North America, with Kevin Harlan as play-by-play announcer, Boomer Esiason and Dan Fouts as color analysts, and James Lofton and Mark Malone as sideline reporters."
3519,How many settlers original settled in Manakintown?,"Of the original 390 settlers in the isolated settlement, many had died; others lived outside town on farms in the English style; and others moved to different areas."
1155,What did Davies call the System,A member of Davies' team (Roger Scantlebury) met Lawrence Roberts at the 1967 ACM Symposium on Operating System Principles and suggested it for use in the ARPANET.
643,What influence did Al Banna wish to eliminate from the Muslim world?,"Like Maududi, Al Banna believed in the necessity of government rule based on Shariah law implemented gradually and by persuasion, and of eliminating all imperialist influence in the Muslim world."
3703,What is the type of oxygen production for emergency oxygen in airlines?,"Pulling on the masks ""to start the flow of oxygen"" as cabin safety instructions dictate, forces iron filings into the sodium chlorate inside the canister."
1114,How are green chloroplasts' Plastoglobuli arranged?,"In old or stressed chloroplasts, plastoglobuli tend to occur in linked groups or chains, still always anchored to a thylakoid."
5079,What shape are some of the buildings in the Parliament complex?,"Throughout the building there are many repeated motifs, such as shapes based on Raeburn's Skating Minister."
3804,When did the KMJ-TV first broadcast?,"To avoid interference with existing VHF television stations in the San Francisco Bay Area and those planned for Chico, Sacramento, Salinas, and Stockton, the Federal Communications Commission decided that Fresno would only have UHF television stations."
1456,What type of professionals are pharmacists?,Pharmacists are healthcare professionals with specialised education and training who perform various roles to ensure optimal health outcomes for their patients through the quality use of medicines.
914,Which town's massacre did Genghis Khan order in retribution for the treatment of his envoys?,"Genghis Khan ordered the wholesale massacre of many of the civilians, enslaved the rest of the population and executed Inalchuq by pouring molten silver into his ears and eyes, as retribution for his actions."
337,What nationality was Konstantin Mereschkowski?,This origin of chloroplasts was first suggested by the Russian biologist Konstantin Mereschkowski in 1905 after Andreas Schimper observed in 1883 that chloroplasts closely resemble cyanobacteria.
4957,How much does the services sector contribute to GDP?,Tourism has seen a substantial revival over the past several years and is the major contributor to the pick-up in the country's economic growth.
5255,Which state has the largest number of members?,"Texas has the largest number of members, with about 1 million."
1656,Where is English spoken the most?,British English is primarily used in the country.
1917,What country has low income inequality and high presence of unions?,"He points out that nations with high rates of unionization, particularly in Scandinavia, have very low levels of inequality, and concludes ""the historical pattern is clear; the cross-national pattern is clear: high inequality goes hand-in-hand with weak labor movements and vice-versa."""
3814,What network was designed by the french,The CYCLADES packet switching network was a French research network designed and directed by Louis Pouzin.
2958,What will have a direct impact of inequality in a system that uses a progressive tax?,Another cause is the rate at which income is taxed coupled with the progressivity of the tax system.
2657,What are the agents the immune system detects known as?,The immune system is a system of many biological structures and processes within an organism that protects against disease.
4785,What was the idealized value of imperialism?,"Lenin in particular exerted substantial influence over later Marxist conceptions of imperialism with his work Imperialism, the Highest Stage of Capitalism."
1059,What type of studies explored student motivation?,"Controlled, experimental studies exploring intrinsic motivation of college students has shown that nonverbal expressions of enthusiasm, such as demonstrative gesturing, dramatic movements which are varied, and emotional facial expressions, result in college students reporting higher levels of intrinsic motivation to learn."
4401,What is a connection identifier,Routing a packet requires the node to look up the connection id in a table.
2680,What have peridinin-type chloroplasts lost?,Peridinin is not found in any other group of chloroplasts.
525,At the time of Martin Luther what was in demand?,"Published at a time of rising demand for German-language publications, Luther's version quickly became a popular and influential Bible translation."
326,On what date was oxygen liquefied in a stable form?,"Oxygen was liquified in stable state for the first time on March 29, 1883 by Polish scientists from Jagiellonian University, Zygmunt Wróblewski and Karol Olszewski."
3489,In what month and year was the AS-258 scheduled to launch?,"In December 1966, the AS-205 mission was canceled, since the validation of the CSM would be accomplished on the 14-day first flight, and AS-205 would have been devoted to space experiments and contribute no new engineering knowledge about the spacecraft."
4543,When did the series of strikes happen?,Heath asked the British to heat only one room in their houses over the winter.
4680,Approximately how many textiles comprise the museum's collections of South and South-East Asian art?,"The Museum's collections of South and South-East Asian art are the most comprehensive and important in the West comprising nearly 60,000 objects, including about 10,000 textiles and 6000 paintings, the range of the collection is immense."
4849,In what country is Normandy located?,"The distinct cultural and ethnic identity of the Normans emerged initially in the first half of the 10th century, and it continued to evolve over the succeeding centuries."
4113,Who helped develop the first man-made self-sustaining nuclear reaction?,"Chicago's physics department helped develop the world's first man-made, self-sustaining nuclear reaction beneath the university's Stagg Field."
815,What was developed from Watt's measurements on a model steam engine?,The experimental measurements made by Watt on a model steam engine led to the development of the separate condenser.
2808,When was a study conducted of Swedish counties?,"A study of Swedish counties between 1960 and 2000 found a positive impact of inequality on growth with lead times of five years or less, but no correlation after ten years."
1047,What is another word for cryptophytes?,"Cryptophytes, or cryptomonads are a group of algae that contain a red-algal derived chloroplast."
2874,What general religious belief did the nations that received Huguenot refugees have in common?,"They also spread beyond Europe to the Dutch Cape Colony in South Africa, the Dutch East Indies, the Caribbean, and several of the English colonies of North America, and Quebec, where they were accepted and allowed to worship freely."
741,Dimensions in Time featured what prominent soap opera?,"It also featured a crossover with the soap opera EastEnders, the action taking place in the latter's Albert Square location and around Greenwich."
4835,What 1971 film was shot on location in Newcastle?,The 1971 film Get Carter was shot on location in and around Newcastle and offers an opportunity to see what Newcastle looked like in the 1960s and early 1970s.
595,When did Levi's stadium open to the public?,"On May 21, 2013, NFL owners at their spring meetings in Boston voted and awarded the game to Levi's Stadium."
1730,Who became the first African Americans ordained by the Methodist Church?,"Three years later, protesting racial segregation in the worship services, Allen led most of the black members out of St. George's; eventually they founded the Mother Bethel A.M.E. Church and the African Methodist Episcopal denomination."
497,Who did Jamukha support that were not part of Temüjin's power base?,"Jamukha supported the traditional Mongolian aristocracy, while Temüjin followed a meritocratic method, and attracted a broader, though lower class, range of followers."
4546,Of what hollywood film company was UPT a subsidiary of when it merged with ABC?,"At the same time he made attempts to help grow ABC, Goldenson had been trying since mid-1953 to provide content for the network by contacting his old acquaintances in Hollywood, with whom he had worked when UPT was a subsidiary of Paramount Pictures."
411,Who was the #2 pick in the 2011 NFL Draft?,"Manning was the #1 selection of the 1998 NFL draft, while Newton was picked first in 2011."
3767,How much does the Rhine discharge at the Dutch border?,Most of Luxembourg and a very small part of Belgium also drain to the Rhine via the Moselle.
4017,When was the color crimson adopted at Harvard as official color?,"The school color is crimson, which is also the name of the Harvard sports teams and the daily newspaper, The Harvard Crimson."
796,"When was the term ""regeneration"" first used?","The actual term ""regeneration"" was not initially conceived of until the Doctor's third on-screen regeneration however; Hartnell's Doctor had merely described undergoing a ""renewal,"" and the Second Doctor underwent a ""change of appearance"".[citation needed]"
1105,How much is terra preta distributed over the Amazon forest?,"Terra preta (black earth), which is distributed over large areas in the Amazon forest, is now widely accepted as a product of indigenous soil management."
2669,Who was given land by British goovernment for development of Ohio Country?,"In 1750 Christopher Gist, acting on behalf of both Virginia and the company, explored the Ohio territory and opened negotiations with the Indian tribes at Logstown."
3469,"Which part of London was Sir Paul Pindar's house, whose façade now resides in the V&A collection, located?","The main architecture gallery has a series of pillars from various buildings and different periods, for example a column from the Alhambra."
4749,"Along with solar, coal and nuclear, what sort of plants notable use the Rankine process?","In the 1990s, Rankine steam cycles generated about 90% of all electric power used throughout the world, including virtually all solar, biomass, coal and nuclear power plants."
2417,What was used to create a new electromagnetic theory to reconcile the troubles with electromagnetic theory as it used to stand?,"Through the work of leading theoretical physicists, a new theory of electromagnetism was developed using quantum mechanics."
995,What does Salafism in its harshest form encourage its followers to view the religion of others with?,"While this effort has by no means converted all, or even most Muslims to the Wahhabist interpretation of Islam, it has done much to overwhelm more moderate local interpretations, and has set the Saudi-interpretation of Islam as the ""gold standard"" of religion in minds of some or many Muslims."
2137,What types of pumps are typically used in industrial boilers?,"Injectors became popular in the 1850s but are no longer widely used, except in applications such as steam locomotives."
4435,Who founded Telnet,It was founded by former ARPA IPTO director Larry Roberts as a means of making ARPANET technology public.
4164,"When was Apollo 6, or AS-502, tested?","Based on the good performance of Apollo 6 and identification of satisfactory fixes to the Apollo 6 problems, NASA declared the Saturn V ready to fly men, cancelling a third unmanned test."
3428,What project structures assist the owner in integration?,"Several project structures can assist the owner in this integration, including design-build, partnering and construction management."
2985,How many were in Langlades expedition?,"Langlade was given 300 men, including French-Canadians and warriors of the Ottawa."
4989,When was Luther's 95 Theses translated into German?,"Within two weeks, copies of the theses had spread throughout Germany; within two months, they had spread throughout Europe."
4231,When was the the second German empire founded?,"After Prussia unified the other states into the second German Empire after the Franco-German War, its long-time Chancellor, Otto von Bismarck (1862–90), long opposed colonial acquisitions, arguing that the burden of obtaining, maintaining, and defending such possessions would outweigh any potential benefits."
2128,What is unusual about C4 plants' chloroplasts?,Chloroplasts in C4 plants are notable as they exhibit a distinct chloroplast dimorphism.
1442,What has been getting much better in the most recent years?,"In the past, teachers have been paid relatively low salaries."
5117,In which year were Rodin's works given to the V&A?,"Rodin is represented by more than 20 works in the museum collection, making it one of the largest collections of the sculptor's work outside France; these were given to the museum by the sculptor in 1914, as acknowledgement of Britain's support of France in World War I, although the statue of St John the Baptist had been purchased in 1902 by public subscription."
2702,When did Operation Anvil open?,"The operation effectively placed Nairobi under military siege, and the occupants were screened and the Mau Mau supporters moved to detention camps."
2008,Some species of beroe have a pair of strips of adhesive cells on the stomach wall. What does it do?,"These fused bundles of several thousand large cilia are able to ""bite"" off pieces of prey that are too large to swallow whole – almost always other ctenophores."
5298,What did Tesla's design not need?,"One of the things Tesla developed at that laboratory in 1887 was an induction motor that ran on alternating current, a power system format that was starting to be built in Europe and the United States because of its advantages in long-distance, high-voltage transmission."
1353,The practice of occupying and looting Huguenot homes was called?,"Then he imposed penalties, closed Huguenot schools and excluded them from favored professions."
3306,How many Frenchman won Battle of Carillon?,"Abercrombie saved something from the disaster when he sent John Bradstreet on an expedition that successfully destroyed Fort Frontenac, including caches of supplies destined for New France's western forts and furs destined for Europe."
4660,When was Scotland invaded by William?,"King Malcolm III of Scotland married Edgar's sister Margaret, and came into opposition to William who had already disputed Scotland's southern borders."
2245,What other Northern European cities had Huguenot congregations?,The Berlin Huguenots preserved the French language in their church services for nearly a century.
4729,One strategy of Islamization is to seize power by what methods?,"The movements have ""arguably altered the Middle East more than any trend since the modern states gained independence"", redefining ""politics and even borders"" according to one journalist (Robin Wright)."
4445,What was the name of the leader ennobled by Henry III,"The Drengot family thereafter attained the principality of Capua, and emperor Henry III legally ennobled the Hauteville leader, Drogo, as ""dux et magister Italiae comesque Normannorum totius Apuliae et Calabriae"""
5377,The point at which different radiometric isotopes stop diffusing into and out of the crystal lattice is called what?,"For many geologic applications, isotope ratios of radioactive elements are measured in minerals that give the amount of time that has passed since a rock passed through its particular closure temperature, the point at which different radiometric isotopes stop diffusing into and out of the crystal lattice."
2854,Which NFL team represented the NFC at Super Bowl 50?,The American Football Conference (AFC) champion Denver Broncos defeated the National Football Conference (NFC) champion Carolina Panthers 24–10 to earn their third Super Bowl title.
161,In which year are the Meissen Vulture in the V&A collection dated?,"Among the finest examples are the Meissen Vulture from 1731 and the Möllendorff Dinner Service, designed in 1762 by Frederick II the Great."
4594,Which part of China had people ranked higher in the class system?,The Northern Chinese were ranked higher and Southern Chinese were ranked lower because southern China withstood and fought to the last before caving in.
1687,What percent live below the povertly line?,"Poor roads, an inadequate railway network, under-used water transport and expensive air transport have isolated mostly arid and semi-arid areas and farmers in other regions often leave food to rot in the fields because they cannot access markets."
1770,What is the Rhine called in Dutch?,"The spelling with Rh- in English Rhine as well as in German Rhein and French Rhin is due to the influence of Greek orthography, while the vocalisation -i- is due to the Proto-Germanic adoption of the Gaulish name as *Rīnaz, via Old Frankish giving Old English Rín, Old High German Rīn, Dutch Rijn (formerly also spelled Rhijn))."
3078,Why did Westinghouse not secure a patent for a similar motor?,Engineers working for the Westinghouse Electric & Manufacturing Company reported to George Westinghouse that Tesla had a viable AC motor and related power system — something for which Westinghouse had been trying to secure patents.
845,What is the United States at risk for because of the recession of 2008?,"In 2014, economists with the Standard & Poor's rating agency concluded that the widening disparity between the U.S.'s wealthiest citizens and the rest of the nation had slowed its recovery from the 2008-2009 recession and made it more prone to boom-and-bust cycles."
1398,To what century did the idea of ether belong?,"Tesla exhibited a pre-atomic understanding of physics in his writings; he disagreed with the theory of atoms being composed of smaller subatomic particles, stating there was no such thing as an electron creating an electric charge (he believed that if electrons existed at all, they were some fourth state of matter or ""sub-atom"" that could only exist in an experimental vacuum and that they had nothing to do with electricity).:249 Tesla believed that atoms are immutable—they could not change state or be split in any way."
1354,Why did he want to make the language accessible to people?,"He intended his vigorous, direct language to make the Bible accessible to everyday Germans, ""for we are removing impediments and difficulties so that other people may read it without hindrance."""
2742,Which church's saint is nicknamed The Martyr?,Another prominent church in the city centre is the Church of St Thomas the Martyr which is the only parish church in the Church of England without a parish and which is not a peculiar.
1500,Which Carolina Panthers wide receiver suffered a torn ACL before the season began?,"Carolina started the season 14–0, not only setting franchise records for the best start and the longest single-season winning streak, but also posting the best start to a season by an NFC team in NFL history, breaking the 13–0 record previously shared with the 2009 New Orleans Saints and the 2011 Green Bay Packers."
2037,What pope as a native of Poland?,John Paul II's visits to his native country in 1979 and 1983 brought support to the budding solidarity movement and encouraged the growing anti-communist fervor there.
2360,What percentage of Victorians are Christian?,"Victoria is also home of 152,775 Muslims and 45,150 Jews."
4677,What makes plants green?,"All green parts of a plant contain chloroplasts—the chloroplasts, or more specifically, the chlorophyll in them are what make the photosynthetic parts of a plant green."
2050,How old was Manning at the beginning of the 2015 season?,"He set the NFL's all-time record for career passing yards in this game, but was benched after throwing four interceptions in favor of backup quarterback Brock Osweiler, who took over as the starter for most of the remainder of the regular season."
1962,Does BSkyB carry any control over the picture quality of a channel?,"BSkyB has no veto over the presence of channels on their EPG, with open access being an enforced part of their operating licence from Ofcom."
1718,What is necessary to disobey?,"It is usually recognized that lawbreaking, if it is not done publicly, at least must be publicly announced in order to constitute civil disobedience."
1740,Issues dealt with at Westminster are not ones who is able to deal with?,"The Scottish Parliament is unable to legislate on such issues that are reserved to, and dealt with at, Westminster (and where Ministerial functions usually lie with UK Government ministers)."
2670,Who worked later on to find these missing magnetic tapes that had data stored on them?,"During the following years, a magnetic tape shortage prompted NASA to remove massive numbers of magnetic tapes from the National Archives and Records Administration to be recorded over with newer satellite data."
3159,What is the present-day location of this church?,"The French added to the existing immigrant population, then comprising about a third of the population of the city."
1790,What interfered with Kublai's second invasion of Japan?,Professor Liam Kelley noted that people from Song dynasty China like Zhao Zhong and Xu Zongdao fled to Tran dynasty ruled Vietnam after the Mongol invasion of the Song and they helped the Tran fight against the Mongol invasion.
4420,Where did one of Triton's daughters decide she wanted to hang out and stay?,"She stopped to rest on a sandy beach by the village of Warszowa, where fishermen came to admire her beauty and listen to her beautiful voice."
159,The academic body of the university is made up of how many professional schools?,The university is accredited by The Higher Learning Commission.
4760,Which uses of sculpture are represented in the collection?,"All uses of sculpture are represented, from tomb and memorial, to portrait, allegorical, religious, mythical, statues for gardens including fountains, as well as architectural decorations."
4608,To where were the belongings taken?,Tesla's entire estate from the Hotel New Yorker and other New York City hotels was transported to the Manhattan Storage and Warehouse Company under the Office of Alien Property (OAP) seal.
4440,What was the hymn based on?,"Nun komm, der Heiden Heiland"" (Now come, Savior of the gentiles), based on Veni redemptor gentium, became the main hymn (Hauptlied) for Advent."
4484,When did Pope Leo X  excommunicate Luther?,"As a consequence, Luther was excommunicated by Pope Leo X on 3 January 1521, in the bull Decet Romanum Pontificem."
1757,Who was named the president and CEO of ABC after Goldenson suffered a heart attack?,"In April 1970, Congress passed the Public Health Cigarette Smoking Act which banned cigarette advertising from all television and radio networks, including ABC, when it took effect on January 2, 1971."
465,What have the Dinophysis chloroplasts lost?,"Cryptophyte chloroplasts require their nucleomorph to maintain themselves, and Dinophysis species grown in cell culture alone cannot survive, so it is possible (but not confirmed) that the Dinophysis chloroplast is a kleptoplast"
1900,Where were ABC's international networks mainly situated in the 1970s?,The arrival of satellite television ended the need for ABC to hold interests in other countries; many governments also wanted to increase their independence and strengthen legislation to limit foreign ownership of broadcasting properties.
3382,At the time of Martin Luther what was in demand?,"Furnished with notes and prefaces by Luther, and with woodcuts by Lucas Cranach that contained anti-papal imagery, it played a major role in the spread of Luther's doctrine throughout Germany."
3328,What type of technology is the non organic separating of gases?,Oxygen gas is increasingly obtained by these non-cryogenic technologies (see also the related vacuum swing adsorption).
1422,What French City was New Rochelle named after?,"Paul's Episcopal Church, which contains heirlooms including the original bell from the French Huguenot Church ""Eglise du St. Esperit"" on Pine Street in New York City, which is preserved as a relic in the tower room."
3625,In what year did the FCC publish it's report?,"In 1938, the FCC began a series of investigations into the practices of radio networks and published its report on the broadcasting of network radio programs in 1940."
639,Who notably improved the Savery water pump?,"It used condensing steam to create a vacuum which was used to raise water from below, then it used steam pressure to raise it higher."
5170,What is used to quantify the intuitive undestanding of forces?,"As with other physical concepts (e.g. temperature), the intuitive understanding of forces is quantified using precise operational definitions that are consistent with direct observations and compared to a standard measurement scale."
4193,When was the Disney and ABC merger first announced?,"Around the time of the merger, Disney's television production units had already produced series for the network such as Home Improvement and Boy Meets World, while the deal also allowed ABC access to Disney's children's programming library for its Saturday morning block."
3215,Some people describe what between individuals or groups as imperialism or colonialism?,Some have described the internal strife between various people groups as a form of imperialism or colonialism.
4074,What purpose would Luther have in not wanting to ban the Qur'an?,"He opposed banning the publication of the Qur'an, wanting it exposed to scrutiny."
3025,Who broadcast the Super Bowl on TV?,"The Super Bowl 50 halftime show was headlined by the British rock group Coldplay with special guest performers Beyoncé and Bruno Mars, who headlined the Super Bowl XLVII and Super Bowl XLVIII halftime shows, respectively."
2559,What system did Tesla recommend to Niagara Falls in 1893?,"In 1893 Richard Dean Adams, who headed up the Niagara Falls Cataract Construction Company sought Tesla's opinion on what system would be best to transmit power generated at the falls."
2177,What festival takes place in April in Newcastle?,"The Newcastle Beer Festival, organized by CAMRA, takes place in April."
254,How large can ctenophora grow?,Their most distinctive feature is the ‘combs’ – groups of cilia which they use for swimming – they are the largest animals that swim by means of cilia.
2224,What group is Newcastle native Andy Taylor the former lead guitarist of?,Brian Johnson was a member of local rock band Geordie before becoming the lead vocalist of AC/DC.
1767,When did the accident occur?,Tesla's back was severely wrenched and three of his ribs were broken in the accident (the full extent of his injuries will never be known; Tesla refused to consult a doctor—an almost lifelong custom).
4679,How thick are chloroplasts in land plants?,"Some algae have two chloroplasts in each cell; they are star-shaped in Zygnema, or may follow the shape of half the cell in order Desmidiales."
359,Who played the Master in the 1996 TV movie?,"The Master returned in the 1996 television movie of Doctor Who, and was played by American actor Eric Roberts."
831,Which c1622-23 sculpture by Bernini are included in the sculpture collection?,"Italian sculptors whose work is held by the museum include: Bartolomeo Bon, Bartolomeo Bellano, Luca della Robbia, Giovanni Pisano, Donatello, Agostino di Duccio, Andrea Riccio, Antonio Rossellino, Andrea del Verrocchio, Antonio Lombardo, Pier Jacopo Alari Bonacolsi, Andrea della Robbia, Michelozzo di Bartolomeo, Michelangelo (represented by a freehand wax model and casts of his most famous sculptures), Jacopo Sansovino, Alessandro Algardi, Antonio Calcagni, Benvenuto Cellini (Medusa's head dated c. 1547), Agostino Busti, Bartolomeo Ammannati, Giacomo della Porta, Giambologna (Samson Slaying a Philistine (Giambologna) c. 1562, his finest work outside Italy), Bernini (Neptune and Triton c. 1622–3), Giovanni Battista Foggini, Vincenzo Foggini (Samson and the Philistines), Massimiliano Soldani Benzi, Antonio Corradini, Andrea Brustolon, Giovanni Battista Piranesi, Innocenzo Spinazzi, Canova, Carlo Marochetti and Raffaelle Monti."
4934,"What year did a Super Bowl play in the bay area around San Francisco, prior to Super Bowl 50?","On May 21, 2013, NFL owners at their spring meetings in Boston voted and awarded the game to Levi's Stadium."
3224,"Besides Africa, where did Germany have imperial interests?","However, in 1883–84 Germany began to build a colonial empire in Africa and the South Pacific, before losing interest in imperialism."
3646,Who was Kennedy's vice president?,"On April 20, Kennedy sent a memo to Vice President Lyndon B. Johnson, asking Johnson to look into the status of America's space program, and into programs that could offer NASA the opportunity to catch up."
5322,What reason is given that you should also protest public companies?,"The same principle, she argues, applies to breaches of law in protest against international organizations and foreign governments."
365,Gosforth and Byker are the largest shopping areas of what type?,"Outside the city centre, the largest suburban shopping areas are Gosforth and Byker."
2931,When was free primary school introduced?,"In 2007 the government issued a statement declaring that from 2008, secondary education would be heavily subsidiszed, with the government footing all tuition fees."
3795,What is used to estimate emissions?,"This involves publishing default emission factors, which are factors used to derive emissions estimates based on the levels of fuel consumption, industrial production and so on."
3806,What is the English translation of Het Scheur?,"The shape of the Rhine delta is determined by two bifurcations: first, at Millingen aan de Rijn, the Rhine splits into Waal and Pannerdens Kanaal, which changes its name to Nederrijn at Angeren, and second near Arnhem, the IJssel branches off from the Nederrijn."
3801,"In the encoding of mathematical objects, what is the way in which integers are commonly expressed?","As in a real-world computer, mathematical objects other than bitstrings must be suitably encoded."
2815,What ideal thermodynamic cycle analyzes the process by which steam engines work?,"Steam engines are external combustion engines, where the working fluid is separate from the combustion products. Non-combustion heat sources such as solar power, nuclear power or geothermal energy may be used."
1864,Where do most teachers get their credentials from?,"Teachers, like other professionals, may have to continue their education after they qualify, a process known as continuing professional development."
2121,Whose thesis states that the solution to a problem is solvable with reasonable resources assuming it allows for a polynomial time algorithm?,"If T(n) is a polynomial in n, then the algorithm is said to be a polynomial time algorithm."
4521,In contrast how were Catholic saints portrayed?,His large body also let the viewer know that he did not shun earthly pleasures like drinking—behavior that was a stark contrast to the ascetic life of the medieval religious orders.
5443,What is a connection identifier,The packets include a connection identifier rather than address information and are negotiated between endpoints so that they are delivered in order and with error checking.
3578,When was Sky Digital launched?,"When Sky Digital was launched in 1998 the new service used the Astra 2A satellite which was located at the 28.5°E orbital position, unlike the analogue service which was broadcast from 19.2°"
229,What is a PPP also known as?,There is also a growing number of new forms of procurement that involve relationship contracting where the emphasis is on a co-operative relationship between the principal and contractor and other stakeholders within a construction project.
1723,Who published Tesla's writings?,Tesla wrote a number of books and articles for magazines and journals.
4754,What year did the university team up with Shimer College?,"The University of Chicago agreed to confer a degree on any graduating senior from an affiliated school who made a grade of A for all four years, and on any other graduate who took twelve weeks additional study at the University of Chicago."
2408,"Besides fats, fatty acids, and amino acids,what other organic compounds contain oxygen?","Of the organic compounds with biological relevance, carbohydrates contain the largest proportion by mass of oxygen."
3952,Whose English translation of the Bible did the Luther Bible influence?,"The Luther Bible influenced other vernacular translations, such as William Tyndale's English Bible (1525 forward), a precursor of the King James Bible."
3517,Who hired Tesla in New York?,"In 1882, Tesla began working for the Continental Edison Company in France, designing and making improvements to electrical equipment."
5278,Whose English translation of the Bible did the Luther Bible influence?,"Published at a time of rising demand for German-language publications, Luther's version quickly became a popular and influential Bible translation."
2083,What does the CPI scale measure?,"Kenya ranks low on Transparency International's Corruption Perception Index (CPI), a metric which attempts to gauge the prevalence of public sector corruption in various countries."
82,How many times less is the strenght of the weak field compared to the strong?,"Still, it is stronger than gravity over short distances."
441,What does the bolinopsis generally eat?,"Bolinopsis often reach high population densities at the same place and time because they specialize in different types of prey: Pleurobrachia's long tentacles mainly capture relatively strong swimmers such as adult copepods, while Bolinopsis generally feeds on smaller, weaker swimmers such as rotifers and mollusc and crustacean larvae."
4566,In what decade did ABC finish transitioning to color?,ABC's gains in audience share were greatly helped by the fact that several smaller markets had grown large enough to allow full-time affiliations from all three networks.
2065,The church emphasizes the need to be in supportive ministry of what group?,"The Church emphasizes the need to be in supportive ministry with all women, regardless of their choice."
1484,What shows us lost chloroplasts?,Endosymbiotic gene transfer is how we know about the lost chloroplasts in many chromalveolate lineages.
5426,How many students were enrolled in public schools in Victoria?,"Just under 540,800 students were enrolled in public schools, and just over 311,800 in private schools."
3862,What did Tesla first receive after starting his company?,"After leaving Edison's company Tesla partnered with two businessmen in 1886, Robert Lane and Benjamin Vail, who agreed to finance an electric lighting company in Tesla's name, Tesla Electric Light & Manufacturing."
4800,What is the area called where one plate subducts under another?,"Plate tectonics also provided a mechanism for Alfred Wegener's theory of continental drift, in which the continents move across the surface of the Earth over geologic time."
4279,What did he believe the ether did?,"He was a believer in the 19th century concept of an all pervasive ""ether"" that transmitted electrical energy."
2743,When did Luther publish On the Bondage of the Will?,"This teaching by Luther was clearly expressed in his 1525 publication On the Bondage of the Will, which was written in response to On Free Will by Desiderius Erasmus (1524)."
75,What type of number do modern mathematicians consider 1 to be?,"Most early Greeks did not even consider 1 to be a number, so they could not consider it to be a prime."
2480,What increases rapidly as per capita income increases?,"This pattern of higher incomes-longer lives still holds among poorer countries, where life expectancy increases rapidly as per capita income increases, but in recent decades it has slowed down among middle income countries and plateaued among the richest thirty or so countries in the world."
3098,What were the first local stations to offer streams of their programming on WATCH ABC?,"Similar to sister network ESPN's WatchESPN service (which originated the ""WATCH"" brand used by the streaming services of Disney's television networks), live streams of ABC stations are only available to authenticated subscribers of participating pay television providers in certain markets."
410,What does Yeke Mongghul Ulus mean?,"Great Mongol State""), resulting in Dai Ön Yeke Mongghul Ulus (Mongolian script: ), meaning ""Great Yuan Great Mongol State""."
5022,What is the delta in the Rhine delimited in the west by?,The mouth of the Rhine into Lake Constance forms an inland delta.
562,"Large predators of the Amazon rainforest include the jaguar, cougar, and anaconda, what is one other example?","Among the largest predatory creatures are the black caiman, jaguar, cougar, and anaconda."
1662,What is the name of the gallery devoted to Chinese art?,The work of contemporary Chinese designers is also displayed.
2311,In which year was Reverend Chauncy Hare Townshend's collection of gems was bequeathed to the museum?,"Other items in the collection include diamond dress ornaments made for Catherine the Great, bracelet clasps once belonging to Marie Antoinette, and the Beauharnais emerald necklace presented by Napoleon to his adopted daughter Hortense de Beauharnais in 1806."
3983,How was the Dutch name for the Rhine originally spelled?,"The variant forms of the name of the Rhine in modern languages are all derived from the Gaulish name Rēnos, which was adapted in Roman-era geography (1st century BC) as Greek Ῥῆνος (Rhēnos),"
3876,When was the most recent Super Bowl hosted in the South Florida/Miami area?,"The San Francisco Bay Area last hosted in 1985 (Super Bowl XIX), held at Stanford Stadium in Stanford, California, won by the home team 49ers."
2107,When die Tesla turn his attention to trying to understand invisible radiant energy?,"Tesla is quoted by The New York Times as saying, ""I am in too much grief to talk."
3441,"In August 1994, which Flint, Michigan affiliate did ABC purchase?","On August 29, 1994, ABC purchased Flint, Michigan affiliate WJRT-TV and WTVG in Toledo, Ohio (which was previously affiliated with ABC from 1958 to 1970) from SJL Broadcast Management, with the latter switching to ABC once its contract with NBC expired two months after the purchase was finalized in early 1995."
3391,In what year did ABC stylize it's logo as abc?,The network is part of the Big Three television networks.
955,What is another type of public key cryptography algorithm?,"Several public-key cryptography algorithms, such as RSA and the Diffie–Hellman key exchange, are based on large prime numbers (for example, 512-bit primes are frequently used for RSA and 1024-bit primes are typical for Diffie–Hellman.)."
4982,How fast were the winds around St. Augustine in the 1964 hurricane?,"The eye crossed St. Augustine with winds that had just barely diminished to 110 mph (180 km/h), making it a strong Category 2 on the Saffir-Simpson Scale."
4458,When is Sir Pindar's house dated?,"As well as period rooms, the collection includes parts of buildings, for example the two top stories of the facade of Sir Paul Pindar's house dated c1600 from Bishopsgate with elaborately carved wood work and leaded windows, a rare survivor of the Great Fire of London, there is a brick portal from a London house of the English Restoration period and a fireplace from the gallery of Northumberland house."
466,Who considers Los Angeles County to be a separate metropolitan area?,The cities and communities along Interstate 15 and Interstate 215 are so inter-related that Temecula and Murrieta have as much connection with the San Diego metropolitan area as they do with the Inland Empire.
355,what was Tesla's financial situation after being forced out?,He even lost control of the patents he had generated since he had assigned them to the company in lieu of stock.
4614,Who did the Broncos play in the last week of the regular season?,"He set the NFL's all-time record for career passing yards in this game, but was benched after throwing four interceptions in favor of backup quarterback Brock Osweiler, who took over as the starter for most of the remainder of the regular season."
2351,At what wavelength do the spectrophotometric bands peak?,Oxygen presents two spectrophotometric absorption bands peaking at the wavelengths 687 and 760 nm.
1295,How fast is pharmacy informatics growing?,Pharmacy informatics is the combination of pharmacy practice science and applied information science.
4061,What is one of the reason that underdeveloped nations received aid from the oil income?,"Some of the income was dispensed in the form of aid to other underdeveloped nations whose economies had been caught between higher oil prices and lower prices for their own export commodities, amid shrinking Western demand."
3226,How much did Walt Disney want ABC to invest in Disneyland?,"Walt wanted ABC to invest $500,000 and accrued a guarantee of $4.5 million in additional loans, a third of the budget intended for the park."
4136,What resolution were the cameras increased to for the game?,"(An earlier version of EyeVision was last used in Super Bowl XXXV; for Super Bowl 50, the cameras were upgraded to 5K resolution.)"
5242,What park is close to John Lennon street?,"Besides, within the city borders, there are also: Pole Mokotowskie (a big park in the northern Mokotów, where was the first horse racetrack and then the airport), Park Ujazdowski (close to the Sejm and John Lennon street), Park of Culture and Rest in Powsin, by the southern city border, Park Skaryszewski by the right Vistula bank, in Praga."
1197,Which young general did Genghis Khan send to conquer Qara Khitai?,"Therefore, Genghis sent only two tumen (20,000 soldiers) against Kuchlug, under his younger general, Jebe, known as ""The Arrow""."
3420,What California city last hosted the Super Bowl?,"On May 21, 2013, NFL owners at their spring meetings in Boston voted and awarded the game to Levi's Stadium."
177,Where did the earliest item in the V&A glass collection come from?,"The earliest glassware on display comes from Ancient Egypt and continues through the Ancient Roman, Medieval, Renaissance covering areas such as Venetian glass and Bohemian glass and more recent periods, including Art Nouveau glass by Louis Comfort Tiffany and Émile Gallé, the Art Deco style is represented by several examples by René Lalique."
760,"In the determination of complexity classes, what are two examples of types of Turing machines?","They are all equally powerful in principle, but when resources (such as time or space) are bounded, some of these may be more powerful than others."
3101,Does the new deal include Video on demand and High Definition?,"As part of the agreements, both BSkyB and Virgin Media agreed to terminate all High Court proceedings against each other relating to the carriage of their respective basic channels."
3973,Where are many hospital pharmacies located?,Hospital pharmacies can often be found within the premises of the hospital.
4190,How many beds does the Maria Sklodowska-Curie Institute of Oncology have?,"The clinical section is located in a 10-floor building with 700 beds, 10 operating theatres, an intensive care unit, several diagnostic departments as well as an outpatient clinic."
5350,Which rail line operates in Melbourne?,Rail transport in Victoria is provided by several private and public railway operators who operate over government-owned lines.
507,Roughly how much is the Student Government's budget?,"It is led by an Executive Committee, chaired by a President with the assistance of two Vice Presidents, one for Administration and the other for Student Life, elected together as a slate by the student body each spring."
1831,Who was reintroduced for the 50th Anniversary special?,"With the show's 2005 revival, executive producer Russell T Davies stated his intention to reintroduce classic icons of Doctor"
1299,What hit reality series debuted for ABC in 2002?,"In September, Disney Chairman/CEO Michael Eisner outlined a proposed realignment of the ABC broadcast network day parts with the similar unit in its cable channels: ABC Saturday mornings with Disney Channels (Toon & Playhouse), ABC daytime with Soapnet and ABC prime time with ABC Family."
1502,Who is the first administrator of the Federal Energy Office?,"In 1973, Nixon named William E. Simon as the first Administrator of the Federal Energy Office, a short-term organization created to coordinate the response to the embargo."
1477,What secret did he sever family ties to keep hidden?,His friends thought that he had drowned in the Mur River.
2418,How many counties initially made up the definition of southern California?,"In 1900, the Los Angeles Times defined southern California as including ""the seven counties of Los Angeles, San Bernardino, Orange, Riverside, San Diego, Ventura and Santa Barbara."""
4460,Who were the announcers of Super Bowl 50?,"(An earlier version of EyeVision was last used in Super Bowl XXXV; for Super Bowl 50, the cameras were upgraded to 5K resolution.)"
1906,Brownlee argues disobedience can be justified toward what institutions?,"Brownlee argues that disobedience in opposition to the decisions of non-governmental agencies such as trade unions, banks, and private universities can be justified if it reflects ""a larger challenge to the legal system that permits those decisions to be taken""."
1989,A multi-tape Turing machine requires what type of time for a solution?,"For instance, the language {xx | x is any binary string} can be solved in linear time on a multi-tape Turing machine, but necessarily requires quadratic time in the model of single-tape Turing machines."
4317,What company relaunched Who Wants to Be a Millionaire as a syndicated program?,"In August 1999, ABC premiered a special series event, Who Wants to Be a Millionaire, a game show based on the British program of the same title."
607,Where was the Archangel Michael shrine located?,"William of Apulia tells that, in 1016, Norman pilgrims to the shrine of the Archangel Michael at Monte Gargano were met by Melus of Bari, a Lombard nobleman and rebel, who persuaded them to return with more warriors to help throw off the Byzantine rule, which they did."
6,What did the museum acquire from the Royal College of Science?,"To link this to the rest of the museum, a new entrance building was constructed on the site of the former boiler house, the intended site of the Spiral, between 1978 and 1982."
3247,Who voted against Jacksonville's annexation?,Voters outside the city limits rejected annexation plans in six referendums between 1960 and 1965.
5413,Which membrane was lost in euglenophyte chloroplasts?,"Starch is stored in the form of paramylon, which is contained in membrane-bound granules in the cytoplasm of the euglenophyte."
1587,What is Psalm 31:5?,"When he went to his bed, he prayed, ""Into your hand I commit my spirit; you have redeemed me, O Lord, faithful God"" (Ps. 31:5), the common prayer of the dying."
5141,Why the narrow part of St. John's River called Cowford?,"After Spain ceded the Florida Territory to the United States in 1821, American settlers on the north side of the Cow Ford decided to plan a town, laying out the streets and plats."
674,Who is largely considered the first United Methodist theologian?,"With the formation of The United Methodist Church in 1968, theologian Albert C. Outler led the team which systematized denominational doctrine."
4412,What company did Worldvision sell a portion of it's catalogue to in 1990?,"Nonetheless, Worldvision sold portions of its catalog, including the Ruby-Spears and Hanna-Barbera libraries, to Turner Broadcasting System in 1990."
4897,What genus has self-fertilization been seen?,"Self-fertilization has occasionally been seen in species of the genus Mnemiopsis, and it is thought that most of the hermaphroditic species are self-fertile."
2929,What are the two integer responses to a decision problem?,"A decision problem is a special type of computational problem whose answer is either yes or no, or alternately either 1 or 0."
1702,What is the second phase of the digitization project?,The second step of the Factory Project is to catalog everything.
4855,Who defeated Montcalm at Quebec?,"British victories continued in all theaters in the Annus Mirabilis of 1759, when they finally captured Ticonderoga, James Wolfe defeated Montcalm at Quebec (in a battle that claimed the lives of both commanders), and victory at Fort Niagara successfully cut off the French frontier forts further to the west and south."
1773,What did Polo call the Yuan capital?,"The most famous traveler of the period was the Venetian Marco Polo, whose account of his trip to ""Cambaluc,"" the capital of the Great Khan, and of life there astounded the people of Europe."
2563,What principle relates to the formation of faults and the age of the sequences through which they cut?,The principle of cross-cutting relationships pertains to the formation of faults and the age of the sequences through which they cut.
1003,"What, rather than Islamism, requires explanation?","Islamists have asked the question, ""If Islam is a way of life, how can we say that those who want to live by its principles in legal, social, political, economic, and political spheres of life are not Muslims, but Islamists and believe in Islamism, not [just] Islam?"""
2644,Which Super Bowl did Elway win at 38 years old?,"The past record was held by John Elway, who led the Broncos to victory in Super Bowl XXXIII at age 38 and is currently Denver's Executive Vice President of Football Operations and General Manager."
4242,Why is the current sea level rising?,"Rates of sea-level rise had dropped so far, that natural sedimentation by the Rhine and coastal processes together, could compensate the transgression by the sea; in the last 7000 years, the coast line was roughly at the same location."
5135,What coalition rose up to oppose Louis XIV's France?,"Stadtholder William III of Orange, who later became King of England, emerged as the strongest opponent of king Louis XIV after the French attacked the Dutch Republic in 1672."
1387,What type of support does co-teaching provide?,Co-teaching focuses the student on learning by providing a social networking support that allows them to reach their full cognitive potential.
1132,What began in 1527 when Luther introdued the new order of worship?,"They also assessed the standard of pastoral care and Christian education in the territory. """
2772,What was the American Timothy Dexter widely regarded as?,"In the 18th century American Timothy Dexter, an entrepreneur, widely regarded as an eccentric, defied this idiom."
3605,How many ministries of the Scottish government does a committee typically correspond to?,"Subject Committees are established at the beginning of each parliamentary session, and again the members on each committee reflect the balance of parties across Parliament."
1017,When did Archbishop Albrecht send Luther's letter containing the 95 Theses to Rome?,He had the theses checked for heresy and in December 1517 forwarded them to Rome.
650,When did Michael Eisner first join ABC?,"In the early 1970s, Michael Eisner, who joined ABC in 1966, became the network's program development manager."
232,Who was the main performer at this year's halftime show?,"The Super Bowl 50 halftime show was headlined by the British rock group Coldplay with special guest performers Beyoncé and Bruno Mars, who headlined the Super Bowl XLVII and Super Bowl XLVIII halftime shows, respectively."
4302,What does man's justification depend on in faith?,"Roman Catholic theology stated that faith alone, whether fiduciary or dogmatic, cannot justify man; justification rather depends only on such faith as is active in charity and good works (fides caritate formata)."
5247,What is the start of the salary year?,"For the salary year beginning April 2008, unpromoted teachers in Scotland earned from £20,427 for a Probationer, up to £32,583 after 6 years teaching, but could then go on to earn up to £39,942 as they complete the modules to earn Chartered Teacher Status (requiring at least 6 years at up to two modules per year.)"
951,What eventually happened to the Block I program after the incident?,"NASA discontinued the manned Block I program, using the Block I spacecraft only for unmanned Saturn V flights."
3300,"Which two groups have cells bound by inter-cell connections and membranes, muscles, a nervous system and sensory organs?","Unlike sponges, both ctenophores and cnidarians have: cells bound by inter-cell connections and carpet-like basement membranes; muscles; nervous systems; and some have sensory organs."
2016,Where is the oldest known rock in the world located?,"Even older rocks, such as the Acasta gneiss of the Slave craton in northwestern Canada, the oldest known rock in the world have been metamorphosed to the point where their origin is undiscernable without laboratory analysis."
3009,What did Tesla write?,"Among his books are My Inventions: The Autobiography of Nikola Tesla, compiled and edited by Ben Johnston; The Fantastic Inventions of Nikola Tesla, compiled and edited by David Hatcher Childress; and The Tesla Papers."
4955,When was Marconi's radio demonstration?,"The court declared that their decision had no bearing on Marconi's claim as the first to achieve radio transmission, just that since Marconi's claim to certain patents were questionable, he could not claim infringement on those same patents (there are claims the high court was trying to nullify a World War I claim against the U.S. government by the Marconi Company via simply restoring Tesla's prior patent)."
4804,What is the mineral wustite?,"The surface of most metals, such as aluminium and titanium, are oxidized in the presence of air and become coated with a thin film of oxide that passivates the metal and slows further corrosion."
4497,What was Warsaw ranked the 7th greatest of?,"Moreover, Warsaw was ranked as the 7th greatest emerging market."
5127,What is the process by which the antigen/antibody complex is processed in to peptides?,This antigen/antibody complex is taken up by the B cell and processed by proteolysis into peptides.
1218,Oxygen exists in the atmosphere by way of what?,"The rest of the Earth's crust is also made of oxygen compounds, in particular various complex silicates (in silicate minerals)."
1777,How many inhabitants did Betty Meggers believe could occupy each square kilometre of the Amazon?,"For a long time, it was thought that the Amazon rainforest was only ever sparsely populated, as it was impossible to sustain a large population through agriculture given the poor soil."
5132,What separates the neuroimmune system and peripheral immune system in humans?,The immune system is a system of many biological structures and processes within an organism that protects against disease.
1376,In what battle were the Mongols defeated by the Tran?,The Tran dynasty which ruled Annam (Dai Viet) crushed and defeated the Mongols at the Battle of Bạch Đằng (1288).
1614,How was the ctenophore mnemiopsis leidyi introduced into The Black Sea and the Sea of Azov?,"Mnemiopsis is well equipped to invade new territories (although this was not predicted until after it so successfully colonized the Black Sea), as it can breed very rapidly and tolerate a wide range of water temperatures and salinities."
3807,Where is Harvard stadium located?,"The Harvard Business School and many of the university's athletics facilities, including Harvard Stadium, are located on a 358-acre (145 ha) campus opposite the Cambridge campus in Allston."
1905,A subway tunnel from the museum leads to which tube station?,"To date several galleries have been redesigned, notably, in 2002: the main Silver Gallery, Contemporary; in 2003: Photography, the main entrance, The Painting Galleries; in 2004: the tunnel to the subway leading to South Kensington tube station, New signage throughout the museum, architecture, V&A and RIBA reading rooms and stores, metalware, Members' Room, contemporary glass, the Gilbert Bayes sculpture gallery; in 2005: portrait miniatures, prints and drawings, displays in Room 117, the garden, sacred silver and stained glass; in 2006: Central Hall Shop, Islamic Middle East, the new café, sculpture galleries."
4658,What type of topological systems are found in numbers in Victoria?,There is an extensive series of river systems in Victoria.
4843,What was a non-religious reason for the massacre?,"The height of this persecution was the St. Bartholomew's Day massacre when 5,000 to 30,000 were killed, although there were also underlying political reasons for this as well, as some of the Huguenots were nobles trying to establish separate centers of power in southern France."
3121,In what year did the first European travel the entire length of the Amazon River?,The first European to travel the length of the Amazon River was Francisco de Orellana in 1542.
2877,What percent of untreated victims of the plague die within 8 days?,"Left untreated, of those that contract the bubonic plague, 80 percent die within eight days."
967,What pope as a native of Poland?,"In 1979, less than a year after becoming pope, John Paul celebrated Mass in Victory Square in Warsaw and ended his sermon with a call to ""renew the face"" of Poland:"
2790,How many did this epidemic in China kill?,"Nestorian graves dating to 1338–39 near Lake Issyk Kul in Kyrgyzstan have inscriptions referring to plague and are thought by many epidemiologists to mark the outbreak of the epidemic, from which it could easily have spread to China and India."
3838,What does the Armagnac manuscript in the V&A library archive depict?,"Illuminated manuscripts in the library dating from the 12th to 16th centuries include: the Eadwine Psalter[citation needed], Canterbury; Pocket Book of Hours, Reims; Missal from the Royal Abbey of Saint Denis, Paris; the Simon Marmion Book of Hours, Bruges; 1524 Charter illuminated by Lucas Horenbout, London; the Armagnac manuscript of the trial and rehabilitation of Joan of Arc, Rouen."
4768,In what year did ABC stop using it's four-note jingle for promotion?,The old four-note theme tune is still used by ABC on Demand to the beginning of the ABC show.
2442,How are the particle forces and accelerations explained as by gauge bosons exchange?,"In modern particle physics, forces and the acceleration of particles are explained as a mathematical by-product of exchange of momentum-carrying gauge bosons."
5125,What famous July Fourth holiday movie did Fox pay to advertise a sequel of during the Super Bowl?,"Resurgence and Eddie the Eagle, Lionsgate paid for Gods of Egypt, Paramount paid for Teenage Mutant Ninja Turtles: Out of the Shadows and 10 Cloverfield Lane, Universal paid for The Secret Life of Pets and the debut trailer for Jason Bourne and Disney paid for Captain America: Civil War, The Jungle Book and Alice Through the Looking Glass.[citation needed]"
3477,Which newspaper defined southern California?,"In 1999, the Times added a newer county—Imperial—to that list."
2799,What type of entrepreneurship leads to advancements in technology?,The economic impact of the former type of entrepreneurialism tends to be redistributive while the latter is expected to foster technological progress and thus have a more positive impact on economic growth.
1783,How many men were in Robert's army?,The Albanian forces could not take part in the ensuing battle because it had started before their arrival.
3223,Why did Luther condemn vows of celibacy?,"Some priests and former religious had already married, including Andreas Karlstadt and Justus Jonas, but Luther's wedding set the seal of approval on clerical marriage."
811,Why did France choose to give up continental lands?,They viewed the economic value of the Caribbean islands' sugar cane to be greater and easier to defend than the furs from the continent.
4654,How many organizations issued the joint statement on climate change?,"In 2001, 16 national science academies issued a joint statement on climate change."
4882,What did the Edict do for Huguenots in France?,"The Edict reaffirmed Catholicism as the state religion of France, but granted the Protestants equality with Catholics under the throne and a degree of religious and political freedom within their domains."
1802,Who was hired to be the deputy director of the Office of Manned Space Flight?,"In late 1961 and early 1962, members of the Manned Spacecraft Center began to come around to support LOR, including the newly hired deputy director of the Office of Manned Space Flight, Joseph Shea, who became a champion of LOR."
1547,Where did scientists find their Y. pestis sample?,"ends the debate about the etiology of the Black Death, and unambiguously demonstrates that Y. pestis was the causative agent of the epidemic plague that devastated Europe during the Middle Ages""."
944,Where did the president appoint cabinet members from?,"Under the deal, the president would appoint cabinet ministers from both PNU and ODM camps depending on each party's strength in Parliament."
3454,"At the time of its formation, how many congregations did the UMC have?","Like many other mainline Protestant denominations in the United States, the United Methodist Church has experienced significant membership losses in recent decades."
3446,What was ABC's revenue in 1962?,"On April 1, 1963, ABC debuted the soap opera General Hospital, which would go on to become the television network's long-running entertainment program."
4711,When did Kublai move the Mongol capital?,"Kublai readied the move of the Mongol capital from Karakorum in Mongolia to Khanbaliq in 1264, constructing a new city near the former Jurchen capital Zhongdu, now modern Beijing, in 1266."
215,How many branches does the Rhine branch into?,"The discharge of the Rhine is divided among three branches: the River Waal (6/9 of total discharge), the River Nederrijn –"
4595,What theory best explains gravity?,"The time derivative of the changing momentum of the object is what we label as ""gravitational force""."
2545,Why did al-Qaeda tell ISIL to take a hike?,The group gained prominence after it drove Iraqi government forces out of key cities in western Iraq in a 2014 offensive.
3003,Who is the oldest quarterback to play in a Super Bowl?,He is also the oldest quarterback ever to play in a Super Bowl at age 39.
1300,How many developed countries did British researchers use to gather statistics from?,"British researchers Richard G. Wilkinson and Kate Pickett have found higher rates of health and social problems (obesity, mental illness, homicides, teenage births, incarceration, child conflict, drug use), and lower rates of social goods (life expectancy by country, educational performance, trust among strangers, women's status, social mobility, even numbers of patents issued) in countries and states with higher inequality."
5261,Who applies expertise to relate the work and materials involved to a proper valuation?,Cost engineers and estimators apply expertise to relate the work and materials involved to a proper valuation.
2140,How many seats does the amphitheatre at Woodward park have?,"The park has a multi-use amphitheatre that seats up to 2,500 people, authentic Japanese Garden, fenced dog park, two-mile (3 km)"
617,When was the Disney and ABC merger first announced?,"On July 31, 1995, The Walt Disney Company announced an agreement to merge with Capital Cities/ABC for $19 billion."
2940,Which pair of Genghis Khan's sons were most rivalrous?,"Tolui, Genghis Khan's youngest son, was not to be his successor because he was the youngest and in the Mongol culture, youngest sons were not given much responsibility due to their age."
3505,What has a classification system for construction companies?,"To recognize the differences of companies in this sector, it is divided into three subsectors: building construction, heavy and civil engineering construction, and specialty trade contractors."
2778,How were the men who did tasks like those of today's pharmacists viewed in Japan in the Asuka and Nara periods?,"In the Imperial household, the pharmacist was even ranked above the two personal physicians of the Emperor."
1013,What percentage of primary schools used Welsh primarily or exclusively?,"Welsh medium education is available to all age groups through nurseries, schools, colleges and universities and in adult education; lessons in the language itself are compulsory for all pupils until the age of 16."
1950,How far is Jacksonville from Miami?,"Jacksonville is in the First Coast region of northeast Florida and is centered on the banks of the St. Johns River, about 25 miles (40 km) south of the Georgia state line and about 340 miles (550 km) north of Miami."
3594,What is the strongest main interaction?,"Only four main interactions are known: in order of decreasing strength, they are:"
2916,"What is the basic pay for a teacher, in Euros?","Extra pay is also given for teaching through the Irish language, in a Gaeltacht area or on an island."
428,What is the concrete choice typically assumed by most complexity-theoretic theorems?,This can be achieved by ensuring that different representations can be transformed into each other efficiently.
5361,"According to the wealth concentration theory, what advantage do the wealthy have in accumulating new wealth?","According to this theory, those who already hold wealth have the means to invest in new sources of creating wealth or to otherwise leverage the accumulation of wealth, thus are the beneficiaries of the new wealth."
1594,"Besides the arguments with Rome and his own fellow reformers, what scandal  contributed to Luther's failing health?","The years of struggle with Rome, the antagonisms with and among his fellow reformers, and the scandal which ensued from the bigamy of the Philip of Hesse incident, in which Luther had played a leading role, all may have contributed."
508,What was causing New France to have issues with resupplying?,"Vaudreuil and Montcalm were minimally resupplied in 1758, as the British blockade of the French coastline limited French shipping."
2530,When was the most recent Super Bowl hosted in the South Florida/Miami area?,"The South Florida/Miami area has previously hosted the event 10 times (tied for most with New Orleans), with the most recent one being Super Bowl XLIV in 2010."
2585,What kind of experiments of rock deformation do structural geologists perform?,"In addition, they perform analog and numerical experiments of rock deformation in large and small settings."
1366,How much of the IPCC attendees are government representatives?,The meeting report states there were 322 persons in attendance at Sessions with about seven-eighths of participants being from governmental organizations.
1627,How long does the Members Debate last?,"Immediately after Decision Time a ""Members Debate"" is held, which lasts for 45 minutes."
783,"If the apparant force of two fermions is repulsive, what is the spin function?","If two identical fermions (e.g. electrons) have a symmetric spin function (e.g. parallel spins) the spatial variables must be antisymmetric (i.e. they exclude each other from their places much as if there was a repulsive force), and vice versa, i.e. for antiparallel spins the position variables must be symmetric (i.e. the apparent force must be attractive)."
4067,What type of jihad does HT avoid engaging in?,But many HT members have gone on to join terrorist groups and many jihadi terrorists have cited HT as their key influence.
3866,When do the stated Treaties apply?,"Treaties apply as soon as they enter into force, unless stated otherwise, and are generally concluded for an unlimited period."
1147,What was Phillips official title for NASA?,"Phillips' superior officer Bernard A. Schriever agreed to loan Phillips to NASA, along with a staff of officers under him, on the condition that Phillips be made Apollo Program Director."
318,Who was first appointed at the anchor of 20/20?,"In February 1979, ABC sold its recording division to MCA Inc. for $20 million; the label was discontinued by March 5 of that year, and all of its 300 employees were laid off (the rights to the works of ABC Records and all of MCA's other labels have since been acquired by Universal Music Group)."
1035,What reconstructions supported the 1999 paper's information?,"This graph extended the similar graph in Figure 3.20 from the IPCC Second Assessment Report of 1995, and differed from a schematic in the first assessment report that lacked temperature units, but appeared to depict larger global temperature variations over the past 1000 years, and higher temperatures during the Medieval Warm Period than the mid 20th century."
1742,When did Tesla enroll in Austrian Polytechnic?,He never graduated from the university and did not receive grades for the last semester.
1532,In what year did one individual suggest classifying the trees of the Amazon into four categories?,"In 2006 Tatiana Kuplich organized the trees of the Amazon into four categories: (1) mature forest, (2) regenerating forest [less than three years], (3) regenerating forest [between three and five years of regrowth], and (4) regenerating forest [eleven to eighteen years of continued development]."
3800,Around roughly how many students enroll yearly in creative and performing arts classes?,"The College's general education core includes a “dramatic, music, and visual arts” requirement, requiring students to study the history of the arts, stage desire, or begin working with sculpture."
2705,What were the claims of corruption in the armed forces?,"Because the operations of the armed forces have been traditionally cloaked by the ubiquitous blanket of “state security”, the corruption has been less in public view, and thus less subject to public scrutiny and notoriety."
4213,What is the Dutch word for the Amazon rainforest?,"The Amazon represents over half of the planet's remaining rainforests, and comprises the largest and most biodiverse tract of tropical rainforest in the world, with an estimated 390 billion individual trees divided into 16,000 species."
2344,When was the University Library founded?,As the university garden it is open to the public every day.
602,What administration did Ludwig Mies van der Rohe designa buiding?,"In 2011, the university completed the glass dome-shaped Joe and Rika Mansueto Library, which provides a grand reading room for the university library and prevents the need for an off-campus book depository."
2227,Who designed the Hereford Screen?,"One of the largest items is the Hereford Screen, weighing nearly 8 tonnes, 10.5 metres high and 11 metres wide, designed by Sir George Gilbert Scott in 1862 for the chancel in Hereford Cathedral, from which it was removed in 1967."
4789,Who might take disciplinary action against a teacher?,"In many situations teachers in publicly funded schools must be members in good standing with the college, and private schools may also require their teachers to be college peoples."
4628,Matter particles are shown as what kind of lines in a Feynman diagram?,"In a Feynman diagram, each matter particle is represented as a straight line (see world line) traveling through time, which normally increases up or to the right in the diagram."
1986,How was coal transferred from the river banks to colliers?,"They were so called because they worked on the keels, boats that were used to transfer coal from the river banks to the waiting colliers, for export to London and elsewhere."
3568,What are sometimes present in the boiler's firebox crown?,Except in the smallest of boilers the steam escape has little effect on dampening the fire.
4236,What armed group stopped the uprising at Ballarat?,"This was crushed by British troops, but the discontents prompted colonial authorities to reform the administration (particularly reducing the hated mining licence fees) and extend the franchise."
2750,Where was Luther's last sermon preached?,"It was ""entirely devoted to the obdurate Jews, whom it was a matter of great urgency to expel from all German territory,"" according to Léon Poliakov."
4741,Who would have been the lowest-ranked class?,"Kublai's Chinese advisers still wielded significant power in the government, but their official rank was nebulous."
2219,What was the first spacecraft to orbit another celestial body?,"Apollo 8 was the first manned spacecraft to orbit another celestial body, while the final Apollo 17 mission marked the sixth Moon landing and the ninth manned mission beyond low Earth orbit."
2260,On what date was Victoria declared independent from New South Wales?,"Victoria produced in the decade 1851–1860 20 million ounces of gold, one third of the world's output[citation needed]."
2248,When is the Members Debate held?,"Immediately after Decision Time a ""Members Debate"" is held, which lasts for 45 minutes."
3433,"Soon after gaining Florida, what did the English do?","Spain ceded Florida to the British in 1763 after the French and Indian War, and the British soon constructed the King's Road connecting St. Augustine to Georgia."
3427,To what did Tesla attribute the unknown signals his radio received?,"He expanded on the signals he heard in a 9 February 1901 Collier's Weekly article ""Talking With Planets"" where he said it had not been immediately apparent to him that he was hearing ""intelligently controlled signals"" and that the signals could come from Mars, Venus, or other planets."
2382,"Along with the Anglican Church and Uniting Church, what religious denomination operates private schools in Australia?","Although most are non-aligned, some of the best known independent schools also belong to the large, long-established religious foundations, such as the Anglican Church, Uniting Church and Presbyterian Church, but in most cases, they do not insist on their students’ religious allegiance."
2862,How much did Saudi Arabia spend on spreading Wahhabism?,"Much went for arms purchases that exacerbated political tensions, particularly in the Middle East."
4272,What did the Greek root pharmakos imply?,"Often the place that did this was called an apothecary and several languages have this as the dominant term, though their practices are more akin to a modern pharmacy, in English the term apothecary would today be seen as outdated or only approproriate if herbal remedies were on offer to a large extent."
5248,What is a common practice in official corporal punishment?,For details of individual countries see School corporal punishment.
1867,Why were vocational subjects most important?,It put more emphasis on vocational subjects on the assumption that the new structure would enable school drop-outs at all levels either to be self-employed or to secure employment in the informal sector.
1639,Where do many merchants and explorers go?,"In 1414, the Chinese trader and explorer Zheng He representing the Ming Dynasty visited the East African coast on one of his last 'treasure voyages'."
2090,What team was the AFC champion?,Super Bowl 50 was an American football game to determine the champion of the National Football League (NFL) for the 2015 season.
5334,What is th elast name of the player who was the Super Bowl 50 winner's leading rusher?,"Anderson was the game's leading rusher with 90 yards and a touchdown, along with four receptions for 10 yards."
3048,"If you do not know both magnitude and direction of two forces on an object, what would you call that situation?","If both of these pieces of information are not known for each force, the situation is ambiguous."
4248,In what year did William Maclure begin the process of creating the first geological map of the U.S.?,"In 1807, Maclure commenced the self-imposed task of making a geological survey of the United States."
3475,What type of engines became widespread around the end of the 19th century?,"Steam engines remained the dominant source of power until the early 20th century, when advances in the design of electric motors and internal combustion engines gradually resulted in the replacement of reciprocating (piston) steam engines, with shipping in the 20th-century relying upon the steam turbine."
1252,What persons were not allowed to settle in New France?,"The French crown's refusal to allow non-Catholics to settle in New France may help to explain that colony's slow rate of population growth compared to that of the neighbouring British colonies, which opened settlement to religious dissenters."
4177,How many megaregions are there in the United States?,"The 8- and 10-county definitions are not used for the greater Southern California Megaregion, one of the 11 megaregions of the United States."
3498,Does the residential architecture of the Tower District compare or contrast with other part of Fresno?,The residential architecture of the Tower District contrasts with the newer areas of tract homes urban sprawl in north and east areas of Fresno.
814,How many years have imperialistic practices existed?,"Although imperialist practices have existed for thousands of years, the term ""Age of Imperialism"" generally refers to the activities of European powers from the early 18th century through to the middle of the 20th century, for example, the ""The Great Game"" in Persian lands, the ""Scramble for Africa"" and the ""Open Door Policy"" in China."
1392,By whom is European Law applied by?,European Union law is applied by the courts of member states and the Court of Justice of the European Union.
5178,When did the Rhine Straightening program begin?,"On the French side, the Grand Canal d'Alsace was dug, which carries a significant part of the river water, and all of the traffic."
2385,What weapons were the Zulus using during the Anglo-Zulu War of 1879?,"This technology gave European armies an advantage over their opponents, as armies in less-developed countries were still fighting with arrows, swords, and leather shields (e.g. the Zulus in Southern Africa during the Anglo-Zulu War of 1879)."
4255,In what borough of New York City is ABC headquartered?,"The network is headquartered on Columbus Avenue and West 66th Street in Manhattan, with additional major offices and production facilities in New York City, Los Angeles and Burbank, California."
4639,To what is 50 kilopascals equal?,"(although this figure also is subject to wide variation, depending on type of mask)."
5305,When did Tesla go to Karlovac?,"Tesla was able to perform integral calculus in his head, which prompted his teachers to believe that he was cheating."
5385,What other inventor did he work with?,Tesla gained experience in telephony and electrical engineering before emigrating to the United States in 1884 to work for Thomas Edison in New York City.
4903,What component of water is more soluble than nitrogen?,"Water in equilibrium with air contains approximately 1 molecule of dissolved O_2 for every 2 molecules of N_2, compared to an atmospheric ratio of approximately 1:4."
5108,On which corner is the shopping center located?,"The neighborhood has very little retail activity, aside from the area near Fresno Street and State Route 99 Freeway (Kearney Palm Shopping Center, built in the late 1990s) and small corner markets scattered throughout."
3599,What did the early entrant program do for potential students?,"During this period the university, like Shimer College and 10 others, adopted an early entrant program that allowed very young students to attend college; in addition, students enrolled at Shimer were enabled to transfer automatically to the University of Chicago after their second year, having taken comparable or identical examinations and courses."
4392,What is the edge of the moraine plateau called?,Warsaw is located on two main geomorphologic formations: the plain moraine plateau and the Vistula Valley with its asymmetrical pattern of different terraces.
2601,What type of revolution did Maududi advocate?,"Although Maududi talked about Islamic revolution, by ""revolution"" he meant not the violence or populist policies of the Iranian Revolution, but the gradual changing the hearts and minds of individuals from the top of society downward through an educational process or da'wah."
4009,How many sons did Börte bear Genghis Khan after Jochi?,"Genghis Khan also had many other children with his other wives, but they were excluded from the succession."
2410,How many solo tackles did Von Miller make at Super Bowl 50?,The Broncos took an early lead in Super Bowl 50 and never trailed.
881,What is one criminal behavior that is hard to stop by authorities?,Threatening government officials is another classic way of expressing defiance toward the government and unwillingness to stand for its policies.
3271,As a euphoric how is oxygen used in bars?,"Oxygen, as a supposed mild euphoric, has a history of recreational use in oxygen bars and in sports."
2041,What is the density of all primes compatible with a modulo 9?,"can have infinitely many primes only when a and q are coprime, i.e., their greatest common divisor is one."
4806,Why did the university see a drop in applicants?,"During this period the university, like Shimer College and 10 others, adopted an early entrant program that allowed very young students to attend college; in addition, students enrolled at Shimer were enabled to transfer automatically to the University of Chicago after their second year, having taken comparable or identical examinations and courses."
2751,Where might a teacher teach that is not inside a building?,A teacher who teaches on an individual basis may be described as a tutor.
2055,What is consultant pharmacy mainly concerned with?,"Consultant pharmacy practice focuses more on medication regimen review (i.e. ""cognitive services"") than on actual dispensing of drugs."
2253,Who lead the Super Bowl 50 halftime performance?,"The Super Bowl 50 halftime show was headlined by the British rock group Coldplay with special guest performers Beyoncé and Bruno Mars, who headlined the Super Bowl XLVII and Super Bowl XLVIII halftime shows, respectively."
1024,What period did plates reverse directions to compress the Tethys floor?,"In southern Europe, the stage was set in the Triassic Period of the Mesozoic Era, with the opening of the Tethys Ocean, between the Eurasian and African tectonic plates, between about 240 MBP and 220 MBP (million years before present)."
5258,What do photocytes produce?,"The nearer side is composed of tall nutritive cells that store nutrients in vacuoles (internal compartments), germ cells that produce eggs or sperm, and photocytes that produce bioluminescence."
2359,"As a norm, what day of the week is the traditional Media Day held prior to a Super Bowl?","The game's media day, which was typically held on the Tuesday afternoon prior to the game, was moved to the Monday evening and re-branded as Super Bowl Opening Night."
336,What lineage is Karenia in?,Karlodinium and Karenia probably took up different heterokontophytes.
1094,Huguenots in Killeshandra and County Cavan expanded what agricultural industry?,"Smaller settlements, which included Killeshandra in County Cavan, contributed to the expansion of flax cultivation and the growth of the Irish linen industry."
1544,How many years had Thomas Davis played in the league when he broke his arm during the NFC Championship game?,"Carolina suffered a major setback when Thomas Davis, an 11-year veteran who had already overcome three ACL tears in his career, went down with a broken arm in the NFC Championship Game."
2671,What decreased in number between 1984 and 1991?,"David Rodda noted that from 1984 and 1991, the number of quality rental units decreased as the demand for higher quality housing increased (Rhoda 1994:148)."
213,What institution has helped farmers grow new pigeon pea varieties?,"The commercialisation of the pigeon pea is now enabling some farmers to buy assets, ranging from mobile phones to productive land and livestock, and is opening pathways for them to move out of poverty."
252,In which year did the Jameel Gallery of Islamic Art opened?,"The collection of Middle Eastern and Persian rugs and carpets is amongst the finest in the world, many were part of the Salting Bequest of 1909."
5234,What is the weakest main interaction?,"strong, electromagnetic, weak, and gravitational.:2–10:79 High-energy particle physics observations made during the 1970s and 1980s confirmed that the weak and electromagnetic forces are expressions of a more fundamental electroweak interaction."
937,What is the name of the latest epoch?,"The Holocene (the latest epoch) is too small to be shown clearly on the third timeline on the right, another reason for expanding the fourth scale."
162,What spurred increased support for government reform?,This added momentum to proposals for government reform.
3802,Civil disobedience has been argued in more recent times to have suffered from what?,"It has been argued that the term ""civil disobedience"" has always suffered from ambiguity and in modern times, become utterly debased."
2070,Southern California's economy can be described as one of the largest in the United States and what other characteristic?,Southern California's economy is diverse and one of the largest in the United States.
2542,Who were the Semuren?,"Although the traditional Chinese elite were not given their share of power, the Mongols and the Semuren (various allied groups from Central Asia and the western end of the empire) largely remained strangers to the mainstream Chinese culture, and this dichotomy gave the Yuan regime a somewhat strong ""colonial"" coloration."
4928,When was the last episode of the original series?,"Doctor Who originally ran for 26 seasons on BBC One, from 23 November 1963 until 6 December 1989."
3207,What is the name for a teacher of just one person?,"In education, teachers facilitate student learning, often in a school or academy or perhaps in another environment such as outdoors."
676,What trading route joined Khwarezmia and the Mongol Empire?,"Genghis Khan saw the potential advantage in Khwarezmia as a commercial trading partner using the Silk Road, and he initially sent a 500-man caravan to establish official trade ties with the empire."
3959,What shows were released on Laserdisc?,Eight original series serials have been released on Laserdisc and many have also been released on Betamax tape and Video 2000.
1673,"What additional srevice did BSkyB offer besides Video on Demand that they claimed offered ""substantially more value""?","Virgin Media claimed that BSkyB had substantially increased the asking price for the channels, a claim which BSkyB denied, on the basis that their new deal offered ""substantially more value"" by including HD channels and Video On Demand content which was not previously carried by cable."
3894,Why did Harvard end its early admission program?,"Undergraduate admission to Harvard is characterized by the Carnegie Foundation as ""more selective, lower transfer-in""."
4127,In what year did the first ABC identification card have a 3D appearance?,"Among the ""ABC Circle"" logo's many variants was a 1977 ID sequence that featured a bubble on a black background representing the circle with glossy gold letters, and as such, was the first ABC identification card to have a three-dimensional appearance."
5414,What are the most passes that Greg Olsen has had?,"Newton's leading receivers were tight end Greg Olsen, who caught a career-high 77 passes for 1,104 yards and seven touchdowns, and wide receiver Ted Ginn, Jr., who caught 44 passes for 739 yards and 10 touchdowns; Ginn also rushed for 60 yards and returned 27 punts for 277 yards."
2169,Which company provides train service in Fresno?,The city of Fresno is planned to serve the future California High Speed Rail.
2980,James Hutton published a 2 volume version of his theories in what year?,In 1785 he presented a paper entitled Theory of the Earth to the Royal Society of Edinburgh.
4380,What report had the correct date?,"The date of 2035 has been correctly quoted by the IPCC from the WWF report, which has misquoted its own source, an ICSI report ""Variations of Snow and Ice in the past and at present on a Global and Regional Scale""."
1901,Who was the first NASA scientist in space?,"Dr. Harrison Schmitt, a geologist, was the first NASA scientist astronaut to fly in space, and landed on the Moon on the last mission, Apollo 17."
3309,What does the Fogg Museum of Art cover?,"The Harvard Museum of Natural History includes the Harvard Mineralogical Museum, Harvard University Herbaria featuring the Blaschka Glass Flowers exhibit, and the Museum of Comparative Zoology."
4204,What caused Luther to write hymns?,"This behavior started with his learning of the execution of Johann Esch and Heinrich Voes, the first individuals to be martyred by the Roman Catholic Church for Lutheran views, prompting Luther to write the hymn """
1240,Where was France concentraing efforts?,France concentrated its forces against Prussia and its allies in the European theatre of the war.
3330,What runs from the balancer in the statocyst to the comb rows?,"From each balancer in the statocyst a ciliary groove runs out under the dome and then splits to connect with two adjacent comb rows, and in some species runs all the way along the comb rows."
2087,What health company was a Super Bowl sponsor?,"The host committee has already raised over $40 million through sponsors including Apple, Google, Yahoo!, Intel, Gap, Chevron, and Dignity Health."
2948,What title did Newcastle native Basil Hume achieve?,"Other notable people born in or associated with Newcastle include: engineer and industrialist Lord Armstrong, engineer and father of the modern steam railways George Stephenson, his son, also an engineer, Robert Stephenson, engineer and inventor of the steam turbine Sir Charles Parsons, inventor of the incandescent light bulb Sir Joseph Swan, modernist poet Basil Bunting, and Lord Chief Justice Peter Taylor."
2488,Where was the 2000 study conducted?,"A 2012 study found that teachers experienced double the rate of anxiety, depression, and stress than average workers."
2554,What function is a teacher's role similar to?,"This function looks like that of a coach using the whole gamut of psychology to get each new class of rookies off the bench and into the game."""
2186,What analyst did not agree with the ruling of the incomplete pass?,CBS analyst and retired referee Mike Carey stated he disagreed with the call and felt the review clearly showed the pass was complete.
3965,Who was the Norse leader?,"They were descended from Norse (""Norman"" comes from ""Norseman"") raiders and pirates from Denmark, Iceland and Norway who, under their leader Rollo, agreed to swear fealty to King Charles III of West Francia."
4786,What prize did Peter Higgs win?,"Multiple circumnavigator David Scott Cowper, Nobel Prize winning physicist Peter Higgs, and former WWE NXT champion Neville were born in the city."
973,To what can the use of prolonged breathing of oxygen at 60 kPa lead?,Prolonged breathing of an air mixture with an O_2 partial pressure more than 60 kPa can eventually lead to permanent pulmonary fibrosis.
2047,Who stated a change of the length of the Rhine?,"In 1932 the German encyclopedia Knaurs Lexikon stated the length as 1,320 kilometres (820 miles), presumably a typographical error."
873,What are some Chlorophyta and euglenid chloroplasts missing?,"Chloroplasts have their own ribosomes, which they use to synthesize a small fraction of their proteins."
4931,When did this attempt take place?,The move would have had the side effect of fostering relations with the Swiss.
5286,Who was made rich and prosperous prior to World War 1,"Because of the resources made available by imperialism, the world's economy grew significantly and became much more interconnected in the decades before World War I, making the many imperial powers rich and prosperous."
813,Who designed the ceiling and stained-glass windows of the Green Dining Room?,"The lower part of the walls are panelled in wood with a band of paintings depicting fruit and the occasional figure, with moulded plaster foliage on the main part of the wall and a plaster frieze around the decorated ceiling and stained-glass windows by Edward Burne-Jones."
5240,What type of materials inside the cabin were removed to help prevent more fire hazards in the future?,"Crew members would also exclusively wear modified, fire-resistant Block II space suits, and would be designated by the Block II titles, regardless of whether a LM was present on the flight or not."
5210,How far did the sea level drop in the ice ages?,"During interglacials, when sea level rose to approximately the present level, the Rhine built deltas, in what is now the Netherlands."
4353,"After the merger between ABC and Capital Cities was completed, what was the resulting company known as?","The merger between ABC and Capital Cities received federal approval on September 5, 1985."
2375,What led to protests and open discrediting of the ECK?,"As the ECK continued to count the votes, Kibaki closed the gap and then overtook his opponent by a substantial margin after votes from his stronghold arrived later."
3457,What did Microsoft announce that it would rename Sky Drive to?,"On 31 July 2013, BSkyB and Microsoft announced their settlement, in which Microsoft will not appeal the ruling, and will rename its SkyDrive cloud storage service after an unspecified ""reasonable period of time to allow for an orderly transition to a new brand,"" plus ""financial and other terms, the details of which are confidential""."
1836,"In 2013-14, NBC finished in first place in the 18-49 demographic for the first time since when?","NBC, which had lagged behind ABC for eight years, finished the season in first place in the 18–49 demographic for the first time since 2004, and in second place in total viewership behind long-dominant CBS."
110,What is considered the centerpiece of the Jameel Gallery of Islamic Art?,"The collection of Middle Eastern and Persian rugs and carpets is amongst the finest in the world, many were part of the Salting Bequest of 1909."
4021,What two artists came out with Coldplay during the half-time show?,It was the third-most watched U.S. broadcast ever.
3220,Which South Asian island nation is represented in the V&A collection?,"Art from Thailand, Burma, Cambodia, Indonesia and Sri Lanka in gold, silver, bronze, stone, terracotta and ivory represents these rich and complex cultures, the displays span the 6th to 19th centuries."
3200,How many seasons did The Love Boat run for?,"For its part, the television network produced a few new hits during 1977: January saw the premiere of Roots, a miniseries based on an Alex Haley novel that was published the previous year; in September, The Love Boat, a comedy-drama anthology series produced by Aaron Spelling which was based around the crew of a cruise ship and featured three stories centered partly on the ship's various passengers; although critically lambasted, the series turned out to be a ratings success and lasted nine seasons."
4884,What do chloroplasts use to fix carbon dioxide into sugar?,"To fix carbon dioxide into sugar molecules in the process of photosynthesis, chloroplasts use an enzyme called rubisco."
2663,Who was the opposing party in the Runyon case?,"The Supreme Court precedent appears to favor educational choice, so long as states may set standards for educational accomplishment."
2298,What famous 5.9-mile athletic event takes place annually in Newcastle in June?,"Blaydon Race (a road race from Newcastle to Blaydon), which has taken place on 9 June annually since 1981, to commemorate the celebrated Blaydon Races horse racing."
4112,What day was the Super Bowl played on?,"As this was the 50th Super Bowl, the league emphasized the ""golden anniversary"" with various gold-themed initiatives, as well as temporarily suspending the tradition of naming each Super Bowl game with Roman numerals (under which the game would have been known as ""Super Bowl L""), so that the logo could prominently feature the Arabic numerals 50."
2605,Political advantage is an attribute of which state policies?,"Imperialism and colonialism both dictate the political and economic advantage over a land and the indigenous populations they control, yet scholars sometimes find it difficult to illustrate the difference between the two."
1251,What was persistent unemployment have a negative effect on?,"High and persistent unemployment, in which inequality increases, has a negative effect on subsequent long-run economic growth."
4706,What radio station is located at 103.5FM on the dial in Denver?,"In accordance with contractual rules, the rest of the stations in the Broncos and Panthers radio networks will either carry the Westwood One feed or not carry the game at all."
4201,Which rail line operates in Melbourne?,"Major operators include: Metro Trains Melbourne which runs an extensive, electrified, passenger system throughout Melbourne and suburbs; V/Line which is now owned by the Victorian Government, operates a concentrated service to major regional centres, as well as long distance services on other lines; Pacific National, CFCL Australia which operate freight services; Great Southern Rail which operates The Overland Melbourne—Adelaide; and NSW TrainLink which operates XPTs Melbourne—Sydney."
4088,"Who recorded ""Walking in Fresno?""",Aken also made his first TV appearance playing guitar on the old country-western show at The Fresno Barn.
4945,When was King George's war?,"In British America, wars were often named after the sitting British monarch, such as King William's War or Queen Anne's War."
1237,The Tower District is centered around which historic theatre?,"The popular neighborhood known as the Tower District is centered around the historic Tower Theatre, which is included on the National List of Historic Places."
2654,The time required to output an answer on a deterministic Turing machine is expressed as what?,"For a precise definition of what it means to solve a problem using a given amount of time and space, a computational model such as the deterministic Turing machine is used."
3295,Where will the 2009 International Arts Fair be held?,"In October, there is the Design Event festival—an annual festival providing the public with an opportunity to see work by regional, national and international designers."
4588,What planet was named for a fly-by mission by an empty S-IVB?,The most ambitious plan called for using an empty S-IVB as an interplanetary spacecraft for a Venus fly-by mission.
1612,Of what form do Mersenne primes take?,"The French monk Marin Mersenne looked at primes of the form 2p − 1, with p a prime."
191,What was President Kennedy put off by regarding the space program?,"Despite Kennedy's rhetoric, he did not immediately come to a decision on the status of the Apollo program once he became president."
4452,How fast do objects fall on Earth?,"Before Newton, the tendency for objects to fall towards the Earth was not understood to be related to the motions of celestial objects."
753,How did Luther smuggle 12 nuns out of a convent during the rebellion?,"Martin Luther married Katharina von Bora, one of 12 nuns he had helped escape from the Nimbschen Cistercian convent in April 1523, when he arranged for them to be smuggled out in herring barrels. """
2369,"Other than the 1980s, in which decade did most of San Bernardino and Riverside Counties develop?",The cities and communities along Interstate 15 and Interstate 215 are so inter-related that Temecula and Murrieta have as much connection with the San Diego metropolitan area as they do with the Inland Empire.
2723,"Along with Canada and the United Kingdom, what country generally doesn't refer to universities as private schools?","Private education in North America covers the whole gamut of educational activity, ranging from pre-school to tertiary level institutions."
3000,Where and when did the investigation of the plague pathogen begin?,"The investigation of the pathogen that caused the 19th-century plague was begun by teams of scientists who visited Hong Kong in 1894, among whom was the French-Swiss bacteriologist Alexandre Yersin, after whom the pathogen was named Yersinia pestis."
4278,Where were non-condensing direct-drive locomotives notably used for fast passenger trains?,It was found that steam turbines were not ideally suited to the railroad environment and these locomotives failed to oust the classic reciprocating steam unit in the way that modern diesel and electric traction has done.[citation needed]
3765,What happened with the ground water level with the Rhine straightening program?,The rate of flow was increased and the ground water level fell significantly.
2130,"What degree did Martin Luther receive on 19 October, 1512?","On 19 October 1512, he was awarded his Doctor of Theology and, on 21 October 1512, was received into the senate of the theological faculty of the University of Wittenberg, having been called to the position of Doctor in Bible."
4695,Who was Edward the Confessor's half-brother?,"When finally Edward the Confessor returned from his father's refuge in 1041, at the invitation of his half-brother Harthacnut, he brought with him a Norman-educated mind."
4230,What sort of engines utilized the Yarrow-Schlick-Tweedy balancing system?,"This made the 4-cylinder triple-expansion engine popular with large passenger liners (such as the Olympic class), but this was ultimately replaced by the virtually vibration-free turbine engine.[citation needed]"
3593,Where did Martin Luther go to school?,"He was made to wake at four every morning for what has been described as ""a day of rote learning and often wearying spiritual exercises."""
4491,What did the Warsaw Confederation formally establish in 1573?,"Due to its central location between the Commonwealth's capitals of Kraków and Vilnius, Warsaw became the capital of the Commonwealth and the Crown of the Kingdom of Poland when King Sigismund III Vasa moved his court from Kraków to Warsaw in 1596."
4986,What Denver player caused two fumbles for the Panthers?,"Denver linebacker Von Miller was named Super Bowl MVP, recording five solo tackles, 2½ sacks, and two forced fumbles."
4032,What is the title for a seminary graduate who serves a two-three-year term in full-time appointment after being commissioned?,The provisional elder/deacon is a seminary graduate who serves a two-three-year term in a full-time appointment after being commissioned.
1926,What are upper-level secondary schools called?,"In Germany, teachers are mainly civil servants recruited in special university classes, called Lehramtstudien (Teaching Education Studies)."
1258,What is the largest item from Italy that is part of the sculpture collection?,"The largest item from Italy is the Chancel Chapel from Santa Chiara Florence dated 1493–1500, designed by Giuliano da Sangallo it is 11.1 metres in height by 5.4 metres square, it includes a grand sculpted tabernacle by Antonio Rossellino and coloured terracotta decoration."
5037,What did the Rhine branch off to form in Austria?,The natural Rhine originally branched into at least two arms and formed small islands by precipitating sediments.
5031,Innate cells can act as mediators in the activation of what branch of the immune system?,"Leukocytes (white blood cells) act like independent, single-celled organisms and are the second arm of the innate immune system."
502,What date was Super Bowl Opening Night held?,"The game's media day, which was typically held on the Tuesday afternoon prior to the game, was moved to the Monday evening and re-branded as Super Bowl Opening Night."
4649,Dendritic cells present antigens to what cells of the adaptive nervous system?,"Dendritic cells serve as a link between the bodily tissues and the innate and adaptive immune systems, as they present antigens to T cells, one of the key cell types of the adaptive immune system."
1093,What position does Von Miller play for the Denver Broncos?,"Denver linebacker Von Miller was named Super Bowl MVP, recording five solo tackles, 2½ sacks, and two forced fumbles."
5023,The Brotherhood was the only opposition group in Egypt able to do what during elections?,"For many years it was described as ""semi-legal"" and was the only opposition group in Egypt able to field candidates during elections."
4499,What did DECnet originally do,"DECnet is a suite of network protocols created by Digital Equipment Corporation, originally released in 1975 in order to connect two PDP-11 minicomputers."
1801,"When did the partnership between Tesla, Lane and Vail form?","After leaving Edison's company Tesla partnered with two businessmen in 1886, Robert Lane and Benjamin Vail, who agreed to finance an electric lighting company in Tesla's name, Tesla Electric Light & Manufacturing."
1462,Which seasons is the BBC missing a total of 79 episodes?,"In all, 97 of 253 episodes produced during the first six years of the programme are not held in the BBC's archives (most notably seasons 3, 4, & 5, from which 79 episodes are missing)."
1816,How much has global mean surface air temperature changed in the last century?,"They judge that global mean surface air temperature has increased by 0.3 to 0.6 °C over the last 100 years, broadly consistent with prediction of climate models, but also of the same magnitude as natural climate variability."
5077,What exists between fundamentalist Islamism and reformist Islamism?,"While Islamist political culture itself may not be democratic, Islamists need democratic elections to maintain their legitimacy."
3421,In what year did Harvard win an Intercolleiate Sailing Association National Championship?,"Today, Harvard fields top teams in several other sports, such as the Harvard Crimson men's ice hockey team (with a strong rivalry against Cornell), squash, and even recently won NCAA titles in Men's and Women's Fencing."
5001,What is the name of the first Doctor Who serial?,"The programme's first serial, An Unearthly Child, shows that the Doctor has a granddaughter, Susan Foreman."
1919,"In which etude of Neumes rythmiques do the primes 41, 43, 47 and 53 appear in?","According to Messiaen this way of composing was ""inspired by the movements of nature, movements of free and unequal durations""."
2942,How many housing units were there in 2000?,"As of the census of 2000, there were 427,652 people, 140,079 households, and 97,915 families residing in the city."
2766,When was the Doctor Who series released on DVD?,"The BBC, in conjunction with animation studio Cosgrove Hall, reconstructed the missing episodes 1 and 4 of The Invasion (1968), using remastered audio tracks and the comprehensive stage notes for the original filming, for the serial's DVD release in November 2006."
3053,What were requests made to British?,"Amherst granted Vaudreuil's request that any French residents who chose to remain in the colony would be given freedom to continue worshiping in their Roman Catholic tradition, continued ownership of their property, and the right to remain undisturbed in their homes."
4985,Where does the Middle Rhine flow between Bingen and Bonn?,The gorge is quite deep and is the stretch of the river which is known for its many castles and vineyards.
1531,In which year was the John Jones Collection left to the museum?,"The John Jones Collection of French 18th-century art and furnishings was left to the museum in 1882, then valued at £250,000."
2161,Which articles of the Free Movement of Workers Regulation set out the primary provisions on equal treatment of workers?,"Although the tax was ""likely to have a negative bearing on the decision of migrant workers to exercise their right to freedom of movement"", because the charge applied equally to Austrians, in absence of EU legislation on the matter it had to be regarded as justified."
1294,What is the name of the supposition that there are infinite pairs of primes whose difference is 2?,"Many questions regarding prime numbers remain open, such as Goldbach's conjecture (that every even integer greater than 2 can be expressed as the sum of two primes), and the twin prime conjecture (that there are infinitely many pairs of primes whose difference is 2)."
4478,Where did Genghis Khan spend the summer after taking Deshun?,"Genghis Khan, after conquering Deshun, went to Liupanshan (Qingshui County, Gansu Province) to escape the severe summer."
3170,When did representatives start working on the finer details of the deal?,The new office of the PM will have power and authority to co-ordinate and supervise the functions of the Government and will be occupied by an elected MP who will be the leader of the party or coalition with majority members in Parliament.
2565,To what pathogen that causes gas gangrene is oxygen poisonous?,"Carbon monoxide poisoning, gas gangrene, and decompression sickness (the 'bends') are sometimes treated using these devices."
2659,Which woman took a leadership role in the Mongol Empire while succession was being determined?,"Modern Mongolian historians say that towards the end of his life, Genghis Khan attempted to create a civil state under the Great Yassa that would have established the legal equality of all individuals, including women."
4900,Who in Warsaw has the power of legislative action?,"Like most legislative bodies, the City Council divides itself into committees which have the oversight of various functions of the city government."
859,What was the date of the very first episode of Doctor Who?,"The first serial had been completed and the BBC believed it was crucial that the next one be a success, but The Mutants was the only script ready to go, so the show had little choice but to use it."
4652,"Of Warsaw's inhabitants in 1901, what percentage was Catholic?","After the war, the new communist authorities of Poland discouraged church construction and only a small number were rebuilt."
2096,What are examples of the various religions of Mongol tribes?,"Various Mongol tribes were Shamanist, Buddhist or Christian."
720,In how many places is oxygen stored in its cycle?,"This biogeochemical cycle describes the movement of oxygen within and between its three main reservoirs on Earth: the atmosphere, the biosphere, and the lithosphere."
4531,What does the Secretariat Wing house?,The first building to be erected that still forms part of the museum was the Sheepshanks Gallery in 1857 on the eastern side of the garden.
4055,What is said to be the largest travelling funfair in Europe?,"The right incidentally extends to the pitch of St. James' Park, Newcastle United Football Club's ground, though this is not exercised, although the Freemen do collect rent for the loss of privilege."
1537,What color jersey has Denver 0-4?,"In their only other Super Bowl win in Super Bowl XXXII, Denver wore blue jerseys, which was their primary color at the time."
4657,In what constituent country of the United Kingdom is Merthyr Tydfil located?,"The first full-scale working railway steam locomotive was built by Richard Trevithick in the United Kingdom and, on 21 February 1804, the world's first railway journey took place as Trevithick's unnamed steam locomotive hauled a train along the tramway from the Pen-y-darren ironworks, near Merthyr Tydfil to Abercynon in south Wales."
323,Who was reintroduced for the 50th Anniversary special?,"Davies' successor, Steven Moffat, has continued the trend by reviving the Silurians in series 5, Cybermats in series 6, the Great Intelligence and the Ice Warriors in Series 7, and Zygons in the 50th Anniversary Special."
4226,Who called for an agency to be created to be solely focused at undermining the Islamism ideology?,"Christian Whiton, an official in the George W. Bush administration, called for a new agency focused on the nonviolent practice of ""political warfare"" aimed at undermining the ideology."
3771,What type of antenna was used for communication on the lunar flights?,A high-gain S-band antenna was used for long-distance communications on the lunar flights.
1001,When was the great plague of London?,"By the end of 1350, the Black Death subsided, but it never really died out in England."
477,What was the episode name of Simpson's first Doctor Who score?,"Simpson's first Doctor Who score was Planet of Giants (1964) and he went on to write music for many adventures of the 1960s and 1970s, including most of the stories of the Jon Pertwee/Tom Baker periods, ending with The Horns of Nimon (1979)."
4291,On which magazine's cover did Tesla appear in 1931,"The cover caption ""All the world's his power house"" noted his contribution to electrical power generation."
5441,What kind of chloroplasts did diatoms have but lost?,Endosymbiotic gene transfer is how we know about the lost chloroplasts in many chromalveolate lineages.
1190,Who decides the fate of protesters most of the time?,"It is a matter for the state (including the judges) to decide on utilitarian grounds whether to do so or not."""
4704,How much heavier is oxygen 18 than oxygen 16?,"Seawater molecules that contain the lighter isotope, oxygen-16, evaporate at a slightly faster rate than water molecules containing the 12% heavier oxygen-18; this disparity increases at lower temperatures."
3162,What can concentrated oxygen produce?,Highly concentrated sources of oxygen promote rapid combustion.
1123,What did Schurf's letter say  Luther's return caused?,The effect of Luther's intervention was immediate.
5000,WHen did ARPNET and SITA become operational,"Before the introduction of X.25 in 1973, about twenty different network technologies had been developed."
549,What is the increased rates of self-employment based on?,"On the other hand, higher economic inequality tends to increase entrepreneurship rates at the individual level (self-employment)."
3833,What event is held at Bells Beach in Victoria?,"Major events also play a big part in tourism in Victoria, particularly cultural tourism and sports tourism."
4542,When did Germanic tribes cross the Rhine to migrate?,"Germanic tribes crossed the Rhine in the Migration period, by the 5th century establishing the kingdoms of Francia on the Lower Rhine, Burgundy on the Upper Rhine and Alemannia on the High Rhine."
3698,What is the time period of this statistic?,"Misconduct by teachers, especially sexual misconduct, has been getting increased scrutiny from the media and the courts."
1907,Who was the first Doctor to travel with a married couple?,"Steven Moffat described the companion as the main character of the show, as the story begins anew with each companion and she undergoes more change than the Doctor."
4755,"What was it called when Tesla lit a wireless gas-discharge lamp using a high-frequency, high-voltage alternating current?","It was a key event in the history of AC power, as Westinghouse demonstrated the safety, reliability, and efficiency of a fully integrated alternating current system to the American public."
1515,To whom has the Antwerp City Hall doors in the V&A collection been attributed?,"There are a set of beautiful inlaid doors, dated 1580 from Antwerp City Hall, attributed to Hans Vredeman de Vries."
2323,What other city has hosted the Super Bowl ten times?,"The league announced on October 16, 2012, that the two finalists were Sun Life Stadium and Levi's Stadium."
4854,When did the FCC approve UPT's purchase of ABC?,"In 1952, when the release of the FCC's Sixth Report and Order announced the end of its freeze on new station license applications, among the issues the Commission was slated to address was whether to approve the UPT-ABC merger."
517,What type of antenna was used for communication on the lunar flights?,"On the extended lunar missions, an orbital scientific instrument package was carried."
2950,Which famous Germain Renaissance painter and printmaker is represented in the drawings collection of the V&A?,"Modern British artists represented in the collection include: Paul Nash, Percy Wyndham Lewis, Eric Gill, Stanley Spencer, John Piper, Graham Sutherland, Lucian Freud and David Hockney."
1959,"Who taped video intros for Doctor Who shows in Canada, that included a trivia question?","CBC began airing series two on 9 October 2006 at 20:00 E/P (20:30 in Newfoundland and Labrador), shortly after that day's CFL double header on Thanksgiving in most of the country.[citation needed]"
3909,"In what episode does the ""Fall of the Eleventh"" happen?","The name Eleventh is still used for this incarnation; the same episode depicts the prophesied ""Fall of the Eleventh"" which had been trailed throughout the series."
2951,What was the guiding principle of the Mongol Empire code of conduct?,"The Mongol Empire did not emphasize the importance of ethnicity and race in the administrative realm, instead adopting an approach grounded in meritocracy."
5290,What company reached a deal to also stream its ABC affiliates?,"Similar to sister network ESPN's WatchESPN service (which originated the ""WATCH"" brand used by the streaming services of Disney's television networks), live streams of ABC stations are only available to authenticated subscribers of participating pay television providers in certain markets."
